--
-- PostgreSQL database dump
--

-- Dumped from database version 11.7 (Ubuntu 11.7-0ubuntu0.19.10.1)
-- Dumped by pg_dump version 11.7 (Ubuntu 11.7-0ubuntu0.19.10.1)

SET statement_timeout = 0;
SET lock_timeout = 0;
SET idle_in_transaction_session_timeout = 0;
SET client_encoding = 'UTF8';
SET standard_conforming_strings = on;
SELECT pg_catalog.set_config('search_path', '', false);
SET check_function_bodies = false;
SET xmloption = content;
SET client_min_messages = warning;
SET row_security = off;

--
-- Name: srednia(character varying, date, integer); Type: FUNCTION; Schema: public; Owner: czarek
--

CREATE FUNCTION public.srednia(adr character varying, dt date, okres integer DEFAULT 12) RETURNS numeric
    LANGUAGE plpgsql
    AS $$
DECLARE
	wynik decimal(10,3);
	dt_start date;

BEGIN

	dt_start = dt-(concat(okres,' month')::interval);
	wynik := ((SELECT odczyt FROM odczyty WHERE data = dt AND adres=adr)
       		 - (SELECT odczyt FROM odczyty WHERE data =dt_start  AND adres=adr))/okres;	
	RETURN wynik;
END;
$$;


ALTER FUNCTION public.srednia(adr character varying, dt date, okres integer) OWNER TO czarek;

--
-- Name: zuzycie(character varying, date); Type: FUNCTION; Schema: public; Owner: czarek
--

CREATE FUNCTION public.zuzycie(adr character varying, dt date) RETURNS numeric
    LANGUAGE plpgsql
    AS $$
DECLARE
	wynik decimal(10,3);

BEGIN
	wynik := (SELECT odczyt FROM odczyty WHERE data = dt AND adres=adr)
       		 - (SELECT odczyt FROM odczyty WHERE data =dt-interval '1 month'  AND adres=adr);	
	RETURN wynik;
END;
$$;


ALTER FUNCTION public.zuzycie(adr character varying, dt date) OWNER TO czarek;

SET default_tablespace = '';

SET default_with_oids = false;

--
-- Name: liczniki; Type: TABLE; Schema: public; Owner: czarek
--

CREATE TABLE public.liczniki (
    adres character varying NOT NULL,
    nr_fabryczny character varying,
    opis character varying,
    lokalizacja character varying,
    rodzaj character varying(3),
    kolejnosc_pdf integer,
    najemca integer,
    kolejnosc_exel integer,
    uwagi character varying
);


ALTER TABLE public.liczniki OWNER TO czarek;

--
-- Name: odczyty; Type: TABLE; Schema: public; Owner: czarek
--

CREATE TABLE public.odczyty (
    data date NOT NULL,
    adres character varying NOT NULL,
    odczyt double precision
);


ALTER TABLE public.odczyty OWNER TO czarek;

--
-- Name: ordung; Type: TABLE; Schema: public; Owner: czarek
--

CREATE TABLE public.ordung (
    adres character varying,
    kolejnosc integer,
    kolejnosc_wojtek integer
);


ALTER TABLE public.ordung OWNER TO czarek;

--
-- Name: rodzaje_licz; Type: TABLE; Schema: public; Owner: czarek
--

CREATE TABLE public.rodzaje_licz (
    rodzaj character varying(3) NOT NULL,
    rodzaj_licznika character varying,
    jednostka character varying
);


ALTER TABLE public.rodzaje_licz OWNER TO czarek;

--
-- Name: wyniki; Type: VIEW; Schema: public; Owner: czarek
--

CREATE VIEW public.wyniki AS
 SELECT ordung.kolejnosc,
    odczyty.data,
    liczniki.adres,
    liczniki.nr_fabryczny,
    odczyty.odczyt,
    rodzaje_licz.jednostka,
    public.srednia(odczyty.adres, odczyty.data, 3) AS srednia,
    public.zuzycie(odczyty.adres, odczyty.data) AS zuzycie,
    (
        CASE
            WHEN (public.srednia(odczyty.adres, odczyty.data, 3) = (0)::numeric) THEN (0)::numeric
            ELSE (((public.zuzycie(odczyty.adres, odczyty.data) - public.srednia(odczyty.adres, odczyty.data, 3)) * (100)::numeric) / public.srednia(odczyty.adres, odczyty.data, 3))
        END)::numeric(10,2) AS wzrost_procent_wzgledem_sredniej
   FROM (((public.odczyty
     RIGHT JOIN public.liczniki USING (adres))
     JOIN public.ordung ON (((liczniki.adres)::text = (ordung.adres)::text)))
     LEFT JOIN public.rodzaje_licz USING (rodzaj))
  ORDER BY odczyty.data DESC, ordung.kolejnosc;


ALTER TABLE public.wyniki OWNER TO czarek;

--
-- Name: gotowe_na_01; Type: VIEW; Schema: public; Owner: czarek
--

CREATE VIEW public.gotowe_na_01 AS
 SELECT wyniki.kolejnosc,
    wyniki.adres,
    wyniki.nr_fabryczny,
    wyniki.odczyt,
    wyniki.zuzycie
   FROM public.wyniki
  WHERE ((wyniki.data = (( SELECT (((date_part('year'::text, ((now())::date + 7)) || '-'::text) || date_part('month'::text, ((now())::date + 7))) || '-01'::text)))::date) OR (wyniki.data IS NULL))
  ORDER BY wyniki.kolejnosc;


ALTER TABLE public.gotowe_na_01 OWNER TO czarek;

--
-- Name: najemcy; Type: TABLE; Schema: public; Owner: czarek
--

CREATE TABLE public.najemcy (
    id integer NOT NULL,
    nazwa character varying,
    telefon character varying
);


ALTER TABLE public.najemcy OWNER TO czarek;

--
-- Name: najemcy_id_seq; Type: SEQUENCE; Schema: public; Owner: czarek
--

CREATE SEQUENCE public.najemcy_id_seq
    AS integer
    START WITH 1
    INCREMENT BY 1
    NO MINVALUE
    NO MAXVALUE
    CACHE 1;


ALTER TABLE public.najemcy_id_seq OWNER TO czarek;

--
-- Name: najemcy_id_seq; Type: SEQUENCE OWNED BY; Schema: public; Owner: czarek
--

ALTER SEQUENCE public.najemcy_id_seq OWNED BY public.najemcy.id;


--
-- Name: wojtek; Type: TABLE; Schema: public; Owner: czarek
--

CREATE TABLE public.wojtek (
    kolejnosc integer,
    najemca character varying,
    nr_fabryczny character varying,
    lokalizacja character varying
);


ALTER TABLE public.wojtek OWNER TO czarek;

--
-- Name: wyniki_wojtek; Type: VIEW; Schema: public; Owner: czarek
--

CREATE VIEW public.wyniki_wojtek AS
 SELECT ordung.kolejnosc_wojtek,
    odczyty.data,
    liczniki.adres,
    liczniki.nr_fabryczny,
    odczyty.odczyt,
    rodzaje_licz.jednostka,
    public.srednia(odczyty.adres, odczyty.data, 3) AS srednia,
    public.zuzycie(odczyty.adres, odczyty.data) AS zuzycie,
    (
        CASE
            WHEN (public.srednia(odczyty.adres, odczyty.data, 3) = (0)::numeric) THEN (0)::numeric
            ELSE (((public.zuzycie(odczyty.adres, odczyty.data) - public.srednia(odczyty.adres, odczyty.data, 3)) * (100)::numeric) / public.srednia(odczyty.adres, odczyty.data, 3))
        END)::numeric(10,2) AS wzrost_procent_wzgledem_sredniej
   FROM (((public.odczyty
     RIGHT JOIN public.liczniki USING (adres))
     JOIN public.ordung ON (((liczniki.adres)::text = (ordung.adres)::text)))
     LEFT JOIN public.rodzaje_licz USING (rodzaj))
  ORDER BY odczyty.data DESC, ordung.kolejnosc_wojtek;


ALTER TABLE public.wyniki_wojtek OWNER TO czarek;

--
-- Name: wyniki_na_01_wojtek; Type: VIEW; Schema: public; Owner: czarek
--

CREATE VIEW public.wyniki_na_01_wojtek AS
 SELECT wyniki_wojtek.kolejnosc_wojtek,
    wyniki_wojtek.adres,
    wyniki_wojtek.nr_fabryczny,
    wyniki_wojtek.odczyt,
    wyniki_wojtek.zuzycie
   FROM public.wyniki_wojtek
  WHERE ((wyniki_wojtek.data = (( SELECT (((date_part('year'::text, ((now())::date + 7)) || '-'::text) || date_part('month'::text, ((now())::date + 7))) || '-01'::text)))::date) OR (wyniki_wojtek.data IS NULL))
  ORDER BY wyniki_wojtek.kolejnosc_wojtek;


ALTER TABLE public.wyniki_na_01_wojtek OWNER TO czarek;

--
-- Name: najemcy id; Type: DEFAULT; Schema: public; Owner: czarek
--

ALTER TABLE ONLY public.najemcy ALTER COLUMN id SET DEFAULT nextval('public.najemcy_id_seq'::regclass);


--
-- Data for Name: liczniki; Type: TABLE DATA; Schema: public; Owner: czarek
--

COPY public.liczniki (adres, nr_fabryczny, opis, lokalizacja, rodzaj, kolejnosc_pdf, najemca, kolejnosc_exel, uwagi) FROM stdin;
LM_LC_ADR151	78059564	Główny licznik ciepła budynku L-1 (78059564)	\N	LC	130	\N	90	\N
LM_LH_ADR198	78251269	Licznik chłodu obiegu FC - FR L-2 (78251269)	\N	LH	360	\N	110	\N
LM_LH_ADR194	78251261	Licznik chłodu obieg AHU - AO L-2 (78251261)	\N	LH	1410	\N	130	\N
LM_LH_ADR195	78251260	Licznik chłodu AHU - AR (78251260)	\N	LH	340	\N	140	\N
LM_LH_ADR196	78251264	Licznik chłodu obiegu serwerowni S - L-2 (78251264)	\N	LH	350	\N	150	\N
LM_LC_ADR157	62065866	Licznik ciepła FC najemcy L02 - obieg FO (HC05, HC08) IT ERGO (62065866)	\N	LC	170	\N	430	\N
LM_LH_ADR199	78251263	Licznik chłodu FC L02 - obieg FO IT ERGO (HC05, HC08) (78251263)	\N	LH	80	\N	440	\N
LM_LH_ADR211	62065882	Licznik chłodu serwerownia najemcy L02 - S (HC01) (62065882)	\N	LH	410	\N	450	\N
LM_LH_ADR203	78251266	Licznik chłodu FC L02 - obieg FO IT ERGO (HC01) (78251266)	\N	LH	380	\N	460	\N
LM_WOD_ADR236	21728054	Wodomierz Heban L00 (21728054)	\N	WOD	2730	14	1340	\N
LM_LC_ADR159	72461134	Licznik ciepła - Heban L00 (72461134)	\N	LC	2700	14	1350	\N
LM_LH_ADR167	72497589	Licznik chłodu - Heban L00 (72497589)	\N	LH	2720	14	1360	\N
LM_ELE_ADR007	2316325006	AHU 1.4 HOGAN LOVELLS (63325006)	\N	ELE	1830	\N	680	\N
LM_WOD_ADR146	17803108	Główny wodomierz (11036701)	\N	WOD	1660	\N	10	\N
LM_LC_ADR160	72461135	Licznik ciepła - Heban grzejniki (licznik na L-1) (72461135)	\N	LC	2710	14	1370	\N
----	\N	---	\N	\N	\N	\N	\N	---
LM_LH_ADR204	78251262	Licznik chłodu Solution Space L03 szacht (78251262)	\N	LH	390	\N	1640	\N
LM_LC_ADR209	71476893	Licznik ciepła  - Amaro L00 (71476893)	\N	LC	290	\N	1790	\N
LM_LH_ADR122	71595108	Licznik chłodu - Centrale CulinaryOn (71595108)	\N	LH	320	\N	1980	\N
LM_WOD_ADR_B80	58376978	Wodomierz - Davide Lifestyle (58376978)	\N	WOD	2360	\N	2160	\N
LM_LH_ADR189	71512143	Licznik chłodu - Les Amis L01 (strefa 2B) (71512143)	\N	LH	330	\N	2310	\N
LM_ELE_ADR090	2318334011	SP 3 - Tablica TN 3.5 - Solution Space L00 (65334011)	\N	ELE	2150	\N	1460	Do sprawdzenia, w pliku jest TN-1.0, modyfikacja na podstawie 2 poprzednich odczytów
LM_ELE_ADR121	1818137046	Amaro L00 (35137046)	Amaro, we od recepcji Pl. 3 Krzyży, korytarzyk w lewo, po lewej tablica elektryczna	ELE	1740	13	1840	Błędne odczyty (skok) w pdf, nr fabryczny zgodny z fizycznym licznikiem
LM_LC_ADR162	62065876	Licznik ciepła - Solution Space L03 (62065876)	\N	LC	190	\N	1630	\N
LM_LC_ADR182	71496751	Licznik ciepła - Leonardo (71496751)	\N	LC	1290	\N	1720	\N
LM_LH_ADR233	71497211	Licznik chłodu Leonardo L03 (71497211)	\N	LH	1530	\N	1730	\N
LM_LH_ADR234	71497210	Licznik chłodu Leonardo L03 (71497210)	\N	LH	500	\N	1740	\N
LM_LH_ADR235	71476894	Licznik chłodu - Amaro L00 (71476894)	\N	LH	510	\N	1800	\N
LM_LC_ADR185	71612821	Licznik ciepła - Fabiana Filippi L00 (71612821)	\N	LC	1310	\N	2090	\N
LM_LH_ADR225	71612822	Licznik chłodu - Fabiana Filippi L00 (71612822)	\N	LH	1480	\N	2100	\N
LM_LC_ADR_B16	71150833	Licznik ciepła - Davide Lifestyle L00 (71150833)	\N	LC	2600	\N	2180	\N
LM_LH_ADR_B21	71644763	Licznik chłodu - Davide Lifestyle L01 (71644763)	\N	LH	1110	\N	2210	\N
LM_LH_ADR_B19	71644764	Licznik chłodu - Davide Lifestyle L01 (71644764)	\N	LH	1100	\N	2230	\N
LM_LC_ADR184	71512150	Licznik ciepła - Les Amis (strefa 2B) (71512150)	\N	LC	260	\N	2300	\N
LM_LC_ADR149	71512149	Licznik ciepła - Les Amis (71512149)	\N	LC	1220	\N	2320	\N
LM_LH_ADR145	71512145	Licznik chłodu - Les Amis (71512145)	\N	LH	1360	\N	2330	\N
LM_LH_ADR190	71512144	Licznik chłodu - Les Amis L01 (strefa 2A) (71512144)	\N	LH	1380	\N	2350	\N
LM_LC_ADR186	71512152	Licznik ciepła - Les Amis (strefa 2A bliżej 1C) (71512152)	\N	LC	270	\N	2360	\N
LM_LH_ADR200	78251258	Licznik chłodu FC L03 - obieg FO (HC05, HC08) (78251258)	\N	LH	370	\N	\N	\N
LM_LH_ADR208	62065887	Licznik chłodu serwerownia najemcy L03 - S (HC05) (62065887)	\N	LH	400	\N	\N	\N
LM_ELE_ADR095	2317384011	SP K2 - Tablica TNK 2.2 IT ERGO (64384011)	\N	ELE	870	\N	500	\N
LM_LC_ADR93	67884164	Licznik ciepła - grzejnik Fabiana (67884164)	\N	LC	1350	\N	2110	\N
LM_LC_ADR_B22	71649394	Licznik ciepła - Fabiana L00 (71649394)	\N	LC	2460	\N	2130	\N
LM_LC_ADR_B20	71150834	Licznik ciepła - Davide Lifestyle L01 (71150834)	\N	LC	2450	\N	2200	\N
LM_LC_ADR_B18	71647821	Licznik ciepła - Davide Lifestyle L01 (71647821)	\N	LC	2440	\N	2220	\N
LM_LC_ADR89	67884165	Licznik ciepła - grzejnik Davide (67884165)	\N	LC	1340	\N	2240	\N
LM_LC_ADR_B24	71649395	Licznik ciepła - Corneliani L01 (71649395)	\N	LC	2470	\N	2250	\N
LM_LC_ADR183	71512151	Licznik ciepła - Les Amis (strefa 2A) (71512151)	\N	LC	1300	\N	2340	\N
LM_WOD_ADR242	181195090	Wodomierz Solution Space L00 (18734962)	\N	WOD	2310	\N	1410	\N
LM_WOD_ADR249_Solution Space	181174659A	Wodomierz Solution Space kuchnia 1 (18733477)	\N	WOD	100	\N	1600	\N
LM_LH_ADR191	71512148	Licznik chłodu - Les Amis L01 (strefa 2A bliżej 1C) (71512148)	\N	LH	1390	\N	2370	\N
LM_LC_ADR187	71512153	Licznik ciepła - Les Amis (strefa 3D) (71512153)	\N	LC	280	\N	2380	\N
LM_LH_ADR192	71512147	Licznik chłodu - Les Amis L01 (strefa 3D) (71512147)	\N	LH	1400	\N	2390	\N
LM_LH_ADR188	71512146	Licznik chłodu - Les Amis L00 (strefa 4B) (71512146)	\N	LH	1370	\N	2410	\N
LM_LC_ADR193	67884166	Licznik ciepła - Les Amis (nad barem) (67884166)	\N	LC	2660	\N	2400	\N
LM_LH_ADR_B34	62065880	Licznik chłodu serwerownia najemcy L05 HBO serw - S (HC05) (62065880)	\N	LH	1120	\N	2690	\N
LM_ELE_ADR115	2316371005	AHU R3KZ Les Amis (63371005)	\N	ELE	90	\N	2450	\N
LM_ELE_ADR028	2316362014	AHU R6 SOLUTION SPACE L01 (63362014)	\N	ELE	1950	\N	1580	\N
LM_ELE_ADR012	2316362002	AHU 1.3 SOLUTION SPACE L03 (63362002)	\N	ELE	540	\N	1680	\N
LM_LC_ADR224	71705791	Licznik ciepła - Amaro grzejniki  (licznik na L-1) (71505791)	\N	LC	1330	\N	1810	\N
LM_ELE_ADR078	48503028H16492010696	SP U4 - powierzchnia 0.06 CulinaryOn (16230375)	\N	ELE	50	\N	1910	\N
LM_LC_ADR123	71595107	Licznik ciepła - Centrale CulinaryOn (71595107)	\N	LC	120	\N	1970	\N
LM_WOD_ADR_B81	58376979	Wodomierz - Fabiana (58376979)	\N	WOD	2370	\N	2080	\N
LM_LH_ADR_B36	62065883	Licznik chłodu serwerownia najemcy L04 Hogan serw - S (HC01) (62065883)	\N	LH	2550	\N	2620	\N
LM_ELE_ADR031	1816331002	Solution Tn-2.1 - TU3 (33331002)	\N	ELE	630	\N	1550	\N
LM_ELE_ADR027	2316311028	AHU R5 AMARO (63311028)	\N	ELE	580	\N	1850	\N
LM_ELE_ADR001	2316354011	AHU 3.4 EON (63354011)	\N	ELE	1790	\N	2070	\N
LM_ELE_ADR113	2316371016	AHU R3 LES AMIS (63371016)	\N	ELE	2200	\N	2440	\N
LM_ELE_ADR117	2316362003	AHU R4KZ (63362003)	\N	ELE	1560	\N	2470	\N
LM_WOD_ADR247_Solution Space	181072960A	Wodomierz Solution Space łazienki L01 (18734980)	\N	WOD	1760	\N	1480	\N
LM_WOD_ADR246_Solution Space	181195096A	Wodomierz Solution Space kuchnia L01 (18734955)	\N	WOD	1010	\N	1490	\N
LM_WOD_ADR250_Solution Space	181173780A	Wodomierz Solution Space łazienki L03 (18733482)	\N	WOD	1770	\N	1590	\N
LM_WOD_ADR248_Solution Space	181174655A	Wodomierz Solution Space kuchnia 2 (18733476)	\N	WOD	1020	\N	1610	\N
LM_WOD_ADR239	181195981A	Wodomierz Leonardo L03 (18739958)	\N	WOD	1710	\N	1710	\N
LM_WOD_ADR238	180702718A	Wodomierz Amaro L00 (18740019)	\N	WOD	1700	\N	1780	\N
LM_WOD_ADR_B75	191183429A	Wodomierz- zimna woda - CulinaryOn (19726823)	\N	WOD	2340	\N	1890	\N
LM_WOD_ADR_B74	190405578A	Wodomierz - EON (19700657)	\N	WOD	2250	\N	2020	\N
LM_ELE_ADR099	2318352007	SP K3 - Tablica TN 1.3 - Solution Space L03 (65352007)	\N	ELE	900	\N	1650	\N
LM_WOD_ADR237	181235653A	Wodomierz LES AMIS (18740005)	\N	WOD	1690	\N	2290	\N
LM_ELE_ADR094	1818244023	Licznik elektryczny - Les Amis L01 (35244023)	\N	ELE	860	\N	2420	\N
LM_ELE_ADR029	2319334053	Licznik elektryczny - PZFD L03 (66334053)	\N	ELE	620	\N	2510	\N
LM_ELE_ADR107	1818415001	EON L04 (35415001)	\N	ELE	2160	\N	2060	\N
LM_ELE_ADR110	2316371014	Amaro - magazyn (63371014)	\N	ELE	2190	\N	1870	\N
LM_LH_ADR228	80271297	Licznik chłodu Solution Space L00 (80271297)	\N	LH	1510	\N	1430	\N
LM_LC_ADR165	80108185	Licznik ciepła - Solution Space grzejniki L-1 (80108185)	\N	LC	1250	\N	1440	\N
LM_LC_ADR166	80138392	Licznik ciepła - Solution Space grzejniki L-1 (80138392)	\N	LC	1260	\N	1450	\N
LM_LC_ADR181	80272797	Licznik ciepła  - Solution Space L01 (80272797)	\N	LC	1280	\N	1510	\N
LM_LH_ADR230	80271298	Licznik chłodu Solution Space L01 (80271298)	\N	LH	1540	\N	1520	\N
LM_LC_ADR180	80272796	Licznik ciepła  - Solution Space L01 (80272796)	\N	LC	1270	\N	1530	\N
LM_LH_ADR229	80271273	Licznik chłodu Solution Space L01 (80271273)	\N	LH	480	\N	1540	\N
LM_LH_ADR_B44	80255450	Licznik chłodu Centrala Amaro (80255450)	\N	LH	2570	\N	1820	\N
LM_LH_ADR219	78675971	Licznik chłodu L03 MBDA (78675971)	\N	LH	1450	\N	1220	\N
LM_LH_ADR220	78676883	Licznik chłodu L03 MBDA serwerownia (78676883)	\N	LH	1460	\N	1230	\N
LM_WOD_ADR140	161032832	Wodomierz piano 1 W.Kruk (16803910)	\N	WOD	990	\N	710	\N
LM_ELE_ADR098	2317441033	SP K3 - Tablica TNK 3.2 IT ERGO (64441033)	\N	ELE	890	\N	520	\N
LM_LC_ADR_B43	80255449	Licznik ciepła  - Centrala Amaro (80255449)	\N	LC	2500	\N	1830	\N
LM_LH_ADR227	80120069	Licznik chłodu L00 - GCN/Almidecor (80120069)	\N	LH	470	\N	2000	\N
LM_LH_ADR_B17	71644762	Licznik chłodu - Davide Lifestyle L00 (71644762)	\N	LH	2610	\N	2190	\N
LM_ELE_ADR101	2318332002	Leonardo L03 TNK 4.3 (65332002)	\N	ELE	920	\N	1760	Nr fabryczny na podstawie pliku excel i poprzednich odczytów
LM_ELE_ADR014	2316362007	Centrala AHU R4 Les Amis (63362007)	\N	ELE	1870	\N	2460	\N
LM_ELE_ADR091	2316362011	P4 centrala telefoniczna Play (63362011)	\N	ELE	2350	\N	2520	\N
LM_WOD_ADR_B79	191061232A	Wodomierz - ciepła woda - CulinaryOn (19726824)	\N	WOD	2620	\N	1880	\N
LM_LC_ADR32	80443474	Licznik ciepła - PZFD L03 (80443474)	\N	LC	300	\N	2490	\N
LM_ELE_ADR100	2318355029	Leonardo L03 TN4.3 (65355029)	\N	ELE	910	\N	1750	\N
LM_ELE_ADR077	48503026G402010565	SP U4 - powierzchnia 0.13 CulinaryOn (16350655)	\N	ELE	820	\N	1920	\N
LM_ELE_ADR086	2318334004	SP 2 - Tablica TN 2.4 - Space Solution L01 (65334004)	\N	ELE	840	\N	1560	Do sprawdzenia, w pliku jest TNK-2.1, modyfikacja na podstawie 2 poprzednich odczytów
LM_LH_ADR197	78251268	Licznik chłodu obiegu FC - FO L-2 (78251268)	\N	LH	1430	\N	120	\N
LM_LC_ADR103	67676944	Licznik ciepła - grzejnik GCN (67676944)	\N	LC	1190	\N	370	\N
LM_LH_ADR207	62065885	Licznik chłodu serwerownia IT ERGO (62065885)	\N	LH	1420	\N	420	\N
LM_LC_ADR_B32	62065875	Licznik ciepła FC najemcy L04 Hogan1- obieg FO (HC01) (62065875)	\N	LC	1080	\N	640	\N
LM_LC_ADR_B33	62065877	Licznik ciepła FC najemcy L05 Seewald - obieg FO (HC05, HC08) (62065877)	\N	LC	1090	\N	880	\N
LM_LH_ADR218	78647935	Licznik chłodu FC L01 - AUDI (78647935)	\N	LH	440	\N	980	\N
LM_LC_ADR102	67219624	Licznik ciepła - grzejnik Almidecor (67219624)	\N	LC	1180	\N	1100	\N
LM_LH_ADR221	71230687	Licznik chłodu L01 - ZEGNA (71230687)	\N	LH	450	\N	1290	\N
LM_LC_ADR163	71888359	Licznik ciepła - ZEGNA L00 (71888359)	\N	LC	590	\N	1300	\N
LM_LC_ADR164	71876833	Licznik ciepła - ZEGNA grzejniki L00 (71876833)	\N	LC	600	\N	1320	\N
LM_LC_ADR_B30	62065865	Licznik ciepła FC najemcy HBO L05 - obieg FO (HC01) (62065865)	\N	LC	1070	\N	800	\N
LM_LH_ADR212	62065884	Licznik chłodu Solution Space L03 serwerownia (62065884)	\N	LH	420	\N	1620	\N
LM_LC_ADR104	67887353	Licznik ciepła - grzejnik CulinaryOn (67887353)	\N	LC	1200	\N	1940	\N
LM_LC_ADR_B26	71670106	Licznik ciepła - CulinaryOn L00 (71670106)	\N	LC	1060	\N	1950	\N
LM_LH_ADR_B47	71571363	Licznik chłodu - EON (71571363)	\N	LH	2240	\N	2040	\N
LM_LH_ADR_B46	71571362	Licznik chłodu - EON serwerownia (71571362)	\N	LH	2230	\N	2050	\N
LM_LH_ADR_B23	71649391	Licznik chłodu - Fabiana L00 (71649391)	\N	LH	2510	\N	2120	\N
LM_LH_ADR_B25	71649390	Licznik chłodu - Corneliani L01 (71649390)	\N	LH	2520	\N	2260	\N
LM_ELE_ADR062	48503026G16402010541	SP U1 - Powierzchnia 0.04 - Fabiana Filippi L00 (16280856)	\N	ELE	750	\N	2140	\N
LM_LH_ADR231	71259540	Licznik chłodu Solution Space L01 (71259540)	\N	LH	490	\N	1500	\N
LM_ELE_ADR065	BRAK	SP U1 - Powierzchnia 1.03	\N	ELE	760	\N	\N	\N
LM_ELE_ADR068	16390068	SP U2 - Heban - Powierzchnia 0.07 (16390068)	\N	ELE	780	\N	1380	\N
LM_LH_ADR_B37	62065888	Licznik chłodu serwerownia najemcy L05  HBO serw- S (HC01) (62065888)	\N	LH	1130	\N	\N	\N
LM_ELE_ADR067	16380761	SP U1 - Powierzchnia 1.05 (16380761)	\N	ELE	770	\N	\N	\N
LM_ELE_ADR070	16350646	SP U2 - Powierzchnia 0.12 (16350646)	\N	ELE	790	\N	\N	\N
LM_ELE_ADR073	BRAK	SP U3 - Powierzchnia 0.10	\N	ELE	810	\N	\N	\N
LM_ELE_ADR023	63326018	Tablice T-TOZ (63326018)	\N	ELE	1930	\N	\N	\N
LM_ELE_ADR025	33344014	Tablice TA 2.-1, TA 2.2, TA 2.3, TA 2.4 (33344014)	\N	ELE	1940	\N	\N	\N
LM_ELE_ADR034	63325002	T-TEL (63325002)	\N	ELE	1960	\N	\N	\N
LM_ELE_ADR036	63326008	Rozdzielnica TWC2 (63326008)	\N	ELE	1970	\N	\N	\N
LM_ELE_ADR040	63284001	Tablica T-OGS (rezerwa) (63284001)	\N	ELE	1990	\N	\N	\N
LM_ELE_ADR042	63182019	Winda W1 (63182019)	\N	ELE	2000	\N	\N	\N
LM_ELE_ADR044	63354012	Winda W3 (63354012)	\N	ELE	2010	\N	\N	\N
LM_ELE_ADR048	63325012	Winda W8 (63325012)	\N	ELE	2020	\N	\N	\N
LM_ELE_ADR051	63284036	Tablica TP 1.-2 (63284036)	\N	ELE	2030	\N	\N	\N
LM_ELE_ADR053	63265005	Tablica TP 2.-1 (63265005)	\N	ELE	2040	\N	\N	\N
LM_LC_ADR158	62065867	Licznik ciepła FC najemcy L03 - obieg FO (HC05, HC08) (62065867)	\N	LC	180	\N	\N	\N
LM_WOD_MAIN_W	BRAK		\N	WOD	110	\N	\N	\N
LM_ELE_ADR021	33344042	Tablice TA 3.0, TA 3.1, TA 3.2 (33344042)	\N	ELE	40	\N	\N	\N
LM_ELE_ADR066	16380796	SP U1 - Powierzchnia 1.04 (16380796)	\N	ELE	60	\N	\N	\N
LM_ELE_ADR017	63311012	Rozdzielnica RW3 (63311012)	\N	ELE	550	\N	\N	\N
LM_ELE_ADR055	63265006	Tablica TP 2.3 (63265006)	\N	ELE	2050	\N	\N	\N
LM_ELE_ADR056	63284037	Tablica  TP 3.1, TP 3.3, TP 3.5 (63284037)	\N	ELE	2060	\N	\N	\N
LM_ELE_ADR063	BRAK	SP U1 - Powierzchnia 0.05	\N	ELE	2070	\N	\N	\N
LM_LC_ADR156	62065878	Licznik ciepła FC - FR (62065878)	\N	LC	1230	\N	160	\N
LM_LC_ADR155	78251253	Licznik ciepła FC - FO (78251253)	\N	LC	160	\N	170	\N
LM_LC_ADR154	62065870	Licznik ciepła obiegu grzejników RAD (62065870)	\N	LC	150	\N	180	\N
LM_LC_ADR152	62065879	Licznik ciepła obiegu AHU - AR (62065879)	\N	LC	1210	\N	200	\N
LM_LC_ADR153	78251254	Licznik ciepła obiegu AO (78251254)	\N	LC	140	\N	190	\N
LM_LC_ADR161	62065874	Licznik ciepła FC najemcy L02 - obieg FO (HC01) IT ERGO (62065874)	\N	LC	1320	\N	470	\N
LM_LC_ADR_B31	62065868	Licznik ciepła FC najemcy L04 Hogan58 - obieg FO (HC05, HC08) (62065868)	\N	LC	2480	\N	600	\N
LM_LH_ADR_B40	78251265	Licznik chłodu FC L04 Hogan - obieg FO (HC01) (78251265) (MWh)	\N	LH	1150	\N	630	\N
LM_LC_ADR_B41	78478336	Licznik ciepła - HBO L05 (78478336)	\N	LC	2490	\N	760	\N
LM_LC_ADR173	78675879	Licznik ciepła L03 MBDA (78675879)	\N	LC	210	\N	1210	\N
LM_LH_ADR_B39	78251259	Licznik chłodu FC L05 Seewald - obieg FO (HC05, HC08) (78251259) (MWh)	\N	LH	1140	\N	890	\N
LM_LH_ADR217	78647934	Licznik chłodu FC L00 - AUDI (78647934)	\N	LH	1500	\N	990	\N
LM_LC_ADR171	78647936	Licznik ciepła L00 - AUDI (78647936)	\N	LC	1240	\N	1000	\N
LM_LH_ADR232	78675881	Licznik chłodu - AUDI serwerownia (78675881)	\N	LH	1520	\N	1010	\N
LM_LC_ADR178	78675880	Licznik ciepła L-1 - AUDI - grzejniki (78675880)	\N	LC	250	\N	1020	\N
LM_LC_ADR82	67884167	Licznik ciepła - grzejnik Corneliani (67884167)	\N	LC	310	\N	2270	\N
LM_LC_ADR174	71297057	Licznik ciepła L01 - ZEGNA (71297057)	\N	LC	220	\N	1280	\N
LM_LH_ADR201	71834619	Licznik chłodu - ZEGNA L00 (71834619)	\N	LH	610	\N	1310	\N
LM_ELE_ADR011	2316371001	AHU 2.2 IT ERGO (63371001)	\N	ELE	1850	\N	550	\N
LM_ELE_ADR039	1816344019	Tablica T-Piano W.Kruk (33344019)	\N	ELE	1980	\N	730	\N
LM_ELE_ADR008	2316326010	AHU 3.3 NDI (63326010)	\N	ELE	530	\N	1190	\N
LM_ELE_ADR080	2317445010	SP 1 - Tablica TN 1.2 (64445010)	\N	ELE	70	\N	490	\N
LM_ELE_ADR071	48503026H16502010220	SP U2 - Almidecor (dawniej powierzchnia 1.07) (16410250)	\N	ELE	800	\N	1110	\N
LM_LH_ADR_B42	78478337	Licznik chłodu - HBO L05 (78478337)	\N	LH	1160	\N	770	\N
LM_ELE_ADR064	BRAK	SP U1 - Powierzchnia 1.02	\N	ELE	2080	\N	\N	\N
LM_ELE_ADR058	63284023	Tablica  T-UPS (63284023)	\N	ELE	2090	\N	\N	\N
LM_ELE_ADR074	BRAK	SP U3 - Powierzchnia 0.11	\N	ELE	2110	\N	\N	\N
LM_ELE_ADR076	15420085	SP U4 - powierzchnia 0.16 (15420085)	\N	ELE	2120	\N	\N	\N
LM_ELE_ADR081	65334007	SP 1 - Tablica TN 1.3 - Solution Space L01 (65334007)	\N	ELE	2130	\N	\N	\N
LM_ELE_ADR085	65341010	SP K3 - Tablica TNK 3.2 - Solution Space L01 (65341010)	\N	ELE	2140	\N	\N	\N
LM_ELE_ADR109	63371006	Magazyn U.02  (63371006)	\N	ELE	2180	\N	\N	\N
LM_ELE_ADR097	65341005	SP K3 - Tablica TNK 3.2 - Solution Space L03 (65341005)	\N	ELE	880	\N	\N	\N
LM_LH_ADR_B35	62065881	Licznik chłodu najemcy FC L05 HBO serw - obieg FO (HC01) (62065881)	\N	LH	2540	\N	\N	\N
LM_WOD_ADR240	00207182	Wodomierz toalety L01 (00207182)	\N	WOD	1720	\N	\N	\N
LM_WOD_ADR241	00207171	Wodomierz toalety L00 (00207171)	\N	WOD	1730	\N	\N	\N
LM_WOD_ADR30	19737052	Wodomierz PZFD L03 (19737052)	\N	WOD	1780	\N	\N	\N
LM_WOD_ADR148	00214876	Wodomierz MBDA (00214876)	\N	WOD	1670	\N	\N	\N
LM_ELE_ADR128	08216809	po KSP (w szachcie L01 na solution) (08216809)	\N	ELE	1750	\N	\N	\N
LM_ELE_ADR002	63354008	AHU 2.4 HOGAN LOVELS (63354008)	\N	ELE	1800	\N	\N	\N
LM_WOD_ADR141	16838217	Wodomierz piano 2 (16838217)	\N	WOD	1630	\N	\N	\N
LM_WOD_ADR142	16803909	Wodomierz TWC (16803909)	\N	WOD	1640	\N	\N	\N
LM_ELE_ADR043	63354018	Winda W2 (63354018)	\N	ELE	2290	\N	\N	\N
LM_ELE_ADR_B11	63284007	Licznik elektryczny Rozdzielnica RW2, RPCH- TRANE2(63284007)	\N	ELE	2300	\N	\N	\N
LM_ELE_ADR019	63326006	Rozdzielnica T-TAR (63326006)	\N	ELE	560	\N	\N	\N
LM_ELE_ADR024	63325014	Tablice TA 1.2, TA 1.3, TA 1.4, TA 1.5 (63325014)	\N	ELE	570	\N	\N	\N
LM_ELE_ADR041	63325008	Tablica T-WC (63325008)	\N	ELE	650	\N	\N	\N
LM_ELE_ADR045	63354004	Winda W4 (63354004)	\N	ELE	660	\N	\N	\N
LM_ELE_ADR047	63354016	Winda W7 (63354016)	\N	ELE	670	\N	\N	\N
LM_ELE_ADR052	63265003	Tablica TP 1.-1 (63265003)	\N	ELE	690	\N	\N	\N
LM_WOD_ADR135	77902822	Wodomierz Hogan Lovells L04 - od Książecej (77902822)	\N	WOD	1600	\N	2600	\N
LM_WOD_ADR136	77902823	Wodomierz Hogan Lovells L04 - od Placu Trzech Krzyży (77902823)	\N	WOD	1610	\N	580	\N
LM_LH_ADR_B38	78251257	Licznik chłodu FC L04 Hogan - obieg FO (HC05, HC08) (78251257) (MWh)	\N	LH	2560	\N	610	\N
LM_ELE_ADR009	2316362010	AHU 3.2 IT ERGO (63362010)	\N	ELE	1840	\N	560	\N
LM_LC_ADR172	78647937	Licznik ciepła L01 - AUDI (78647937)	\N	LC	20	\N	970	\N
LM_ELE_ADR038	1816332105	Rozdzielnia RPCH (33332105)	\N	ELE	640	\N	290	\N
LM_ELE_ADR003	2316354013	AHU 2.5 HBO (63354013)	\N	ELE	1810	\N	850	\N
LM_ELE_ADR046	2316354008	Solution space TN 1.1 - TU5 (63325003)	\N	ELE	2270	\N	690	\N
LM_ELE_ADR006	2316326004	AHU 1.5 HBO (63326004)	\N	ELE	1820	\N	840	\N
LM_ELE_ADR_B06	1816331030	Licznik elektryczny Chiller CHI1 (33331030)	\N	ELE	2260	\N	930	\N
LM_ELE_ADR114	1816331023	Licznik elektryczny AUDI - TU4 (33331023)	\N	ELE	1550	\N	1030	\N
LM_ELE_ADR010	2316371007	AHU 2.3 MBDA (63371007)	\N	ELE	2280	\N	1260	\N
LM_WOD_ADR133	17FA358457T	Wodomierz ERGO - recepcja (17360039)	\N	WOD	1580	\N	390	\N
LM_WOD_ADR132	17FA358454Q	Wodomierz ERGO - pomieszczenie(17360035)	\N	WOD	1570	\N	400	\N
LM_WOD_ADR_B78	60600683	Wodomierz HBO (00129890)	\N	WOD	1170	\N	740	\N
LM_WOD_ADR150	60882996	Wodomierz AUDI (00228857)	\N	WOD	1680	\N	960	\N
LM_WOD_ADR147	181022659A	Wodomierz NDI (18726655)	\N	WOD	1000	\N	1140	\N
LM_WOD_ADR129	181106C29A	Wodomierz ZEGNA L01 (18727749)	\N	WOD	980	\N	1270	\N
LM_ELE_ADR087	2317441065	SP 3 - Tablica TN 3.2 IT ERGO (64441065)	\N	ELE	2210	\N	530	\N
LM_ELE_ADR072	48503026h16502010251	SP U3 - MBDA tablica TNK (dawniej powierzchnia 0.09) (16380803)	\N	ELE	2100	\N	1250	\N
LM_WOD_ADR134	19EA020537/173600458	Wodomierz ERGO - sala kinowa (17360045)	\N	WOD	1590	\N	410	\N
LM_ELE_ADR108	2316371009	Magazyn U.01  HBO Magazyn (63371009)	\N	ELE	2170	\N	830	\N
LM_ELE_ADR049	2316354002	Winda Piano W.Kruk (63354002)	\N	ELE	680	\N	720	\N
LM_WOD_ADR143	161032822	Brama wjazdowa (16838122)	\N	WOD	1650	\N	50	\N
LM_LH_ADR_B27	71670180	Licznik chłodu - CulinaryOn L00 (71670180)	\N	LH	2530	\N	1960	\N
LM_LC_ADR_B45	71522586	Licznik ciepła EON (71522586)	\N	LC	2220	\N	2030	\N
LM_ELE_ADR054	63265011	Tablica TP 1.1, TP 1.3, TP 1.5 (63265011)	\N	ELE	700	\N	\N	\N
LM_ELE_ADR057	63284015	Tablica  TP-WIND (63284015)	\N	ELE	710	\N	\N	\N
LM_ELE_ADR060	BRAK	SP U1 - Powierzchnia 0.02	\N	ELE	730	\N	\N	\N
LM_ELE_ADR061	BRAK	SP U1 - Powierzchnia 0.03	\N	ELE	740	\N	\N	\N
LM_ELE_ADR111	63371013	Magazyn U.04 FABIANA FILLIPPI (63371013)	\N	ELE	930	\N	\N	\N
LM_ELE_ADR116	63371010	AHU R4K (63371010)	\N	ELE	940	\N	\N	\N
LM_ELE_ADR118	63362009	AHU B1 (63362009)	\N	ELE	950	\N	\N	\N
LM_ELE_ADR119	63362017	AHU T (63362017)	\N	ELE	960	\N	\N	\N
LM_ELE_ADR_B01	16380762	Licznik elektryczny - Corneliani (16380762)	\N	ELE	2410	\N	\N	\N
LM_ELE_ADR_B10	63284002	Licznik elektryczny - Rozdzielnica RW1 (63284002)	\N	ELE	2420	\N	\N	\N
LM_ELE_ADR_B02	16380819	Licznik elektryczny - Davide Lifestyle (16380819)	\N	ELE	2430	\N	\N	\N
LM_ELE_ADR075	16380798	SP U3 - MBDA tablica TN (16380798)	\N	ELE	2690	\N	\N	\N
LM_WOD_ADR_B76	16838219	Wodomierz od strony ul. Książęcej L04 (16838219)	\N	WOD	2580	\N	\N	\N
LM_WOD_ADR_B77	16838216	Wodomierz od Kruka L04 (16838216)	\N	WOD	2590	\N	\N	\N
LM_ELE_ADR016	63326001	Centrala AHU 2 (63326001)	\N	ELE	1890	\N	\N	\N
LM_ELE_ADR018	63326011	Rozdzielnica RM (63326011)	\N	ELE	1900	\N	\N	\N
LM_ELE_ADR020	63311020	Tablice TA 3.3, TA 3.4, TA 3.5 (63311020)	\N	ELE	1910	\N	\N	\N
LM_ELE_ADR022	33344025	Tablice TA 2.-1, TA 2.2, TA 2.3, TA 2.4 (33344025)	\N	ELE	1920	\N	\N	\N
LM_ELE_ADR013	2316362006	AHU 1.2 IT ERGO (63362006)	\N	ELE	1860	\N	540	\N
LM_WOD_ADR139	57760157	Wodomierz GCN  (57760157)	\N	WOD	1620	1	310	\N
LM_LC_ADR168	80087616	Licznik ciepła L00 GCN (80087616)	\N	LC	200	\N	320	\N
LM_LH_ADR226	80120070	Licznik chłodu FC L00 - GCN (80120070)	\N	LH	1490	\N	330	\N
LM_LH_ADR223	80032572	Licznik chłodu L01 - Almidecor (80032572)	\N	LH	1470	\N	1080	\N
LM_LC_ADR175	80096039	Licznik ciepła L00 - Almidecor (80096039)	\N	LC	230	\N	1060	\N
LM_LH_ADR222	80032573	Licznik chłodu L00 - Almidecor (80032573)	\N	LH	460	\N	1070	\N
LM_LC_ADR176	80096038	Licznik ciepła L01 - Almidecor (80096038)	\N	LC	240	\N	1090	\N
LM_ELE_ADR015	2316326007	AHU R1 ALMIDECOR (63326007)	\N	ELE	1880	\N	1120	\N
LM_ELE_ADR124	1816331007	ZEGNA - TU 2 (RGNN) (33331007)	\N	ELE	2320	\N	1330	\N
LM_ELE_ADR_B05	1816331016	Licznik elektryczny Chiller CHI2 (33331016)	\N	ELE	2390	\N	940	\N
LM_LC_ADR_B46	80087615	Licznik ciepła GCN (80087615)	\N	LC	2650	\N	2010	\N
LM_ELE_ADR_B12	272103494	Licznik elektryczny Seewald kuchnia 1 (11111111)	\N	ELE	2630	\N	910	\N
LM_ELE_ADR_B13	272103657	Licznik elektryczny Seewald kuchnia 2 (22222222)	\N	ELE	2640	\N	920	\N
LM_ELE_ADR_B04	1816331005	Licznik elektryczny Chiller CHI3 (33331005)	\N	ELE	2380	\N	950	\N
LM_LC_ADR170	80091629	Licznik ciepła L03 NDI (80091629)	\N	LC	10	\N	1150	\N
LM_ELE_ADR112	2316362018	AHU R2 AUDI (63362018)	\N	ELE	2330	\N	1040	\N
LM_ELE_ADR059	2317445001	SP K1 - Tablica TNK 1.2 - IT ERGO (64445001)	\N	ELE	720	\N	480	\N
LM_ELE_ADR084	2317445019	SP 2 - Tablica TN 2.2 IT ERGO (64445019)	\N	ELE	830	\N	510	\N
LM_ELE_ADR_B08	1817261013	Licznik elektryczny SP 1 Hogan - Tablica TN 1.4 (34261013)	\N	ELE	1050	\N	650	\N
LM_ELE_ADR_B07	1817174066	Licznik elektryczny SP 3 Hogan - Tablica TN 3.4 (34174066)	\N	ELE	1040	\N	660	\N
LM_ELE_ADR_B03	1517162019	Licznik elektryczny SP K1 Hogan - Tablica TNK 1.4 (04162019)	\N	ELE	1030	\N	670	\N
LM_ELE_ADR088	2318245036	SP 3 - Tablica TN 3.3 - NDI (65245036)	\N	ELE	850	\N	1180	\N
LM_ELE_ADR_B09	1817261024	SP 1 - Główny licznik elektryczny HBO (34261024)	\N	ELE	2400	\N	820	\N
LM_ELE_ADR125	1517311047	Hogan - logo (04311047)	\N	ELE	2670	\N	700	\N
LM_ELE_ADR069	48503028H16492010698	Green Cafe Nero GCN (15270553)	\N	ELE	2680	\N	380	\N
LM_LH_ADR216	80091630	Licznik chłodu FC L03 - NDI Serwerownia (80091630)	\N	LH	430	\N	1130	\N
LM_LH_ADR215	80091631	Licznik chłodu FC L03 - NDI (80091631)	\N	LH	1440	\N	1160	\N
LM_LC_ADR179	80272795	Licznik ciepła  - Solution Space L00 (80272795)	\N	LC	30	\N	1420	\N
LM_ELE_ADR120	2316326003	Centrala Amaro AHU N2 - RW4 (63326003)	\N	ELE	970	\N	1860	\N
LM_LH_ADR33	80446698	Licznik chłodu - PZFD L03 (80446698)	\N	LH	520	\N	2500	\N
\.


--
-- Data for Name: najemcy; Type: TABLE DATA; Schema: public; Owner: czarek
--

COPY public.najemcy (id, nazwa, telefon) FROM stdin;
1	Green Cafe Nero	\N
2	HBO	\N
3	Seewald	\N
4	Almidecor	\N
5	MBDA	\N
6	Solution Space	\N
7	Culinary ON	\N
8	Davide	\N
9	Les Amis	\N
10	PZDF	\N
11	Audi	\N
12	Budynek Ethos	\N
13	Amaro	\N
14	Heban	\N
\.


--
-- Data for Name: odczyty; Type: TABLE DATA; Schema: public; Owner: czarek
--

COPY public.odczyty (data, adres, odczyt) FROM stdin;
2021-07-01	LM_LC_ADR170	48.9500000000000028
2021-07-01	LM_LC_ADR172	90.2199999999999989
2021-07-01	LM_LC_ADR179	70.5999999999999943
2021-07-01	LM_ELE_ADR021	196075.660000000003
2021-07-01	LM_ELE_ADR078	36857
2021-07-01	LM_ELE_ADR066	0
2021-07-01	LM_ELE_ADR080	146553.950000000012
2021-07-01	LM_LH_ADR199	122.400000000000006
2021-07-01	LM_ELE_ADR115	20787.7900000000009
2021-07-01	LM_WOD_ADR249_Solution Space	70.2900000000000063
2021-07-01	LM_WOD_MAIN_W	0
2021-07-01	LM_LC_ADR123	369
2021-07-01	LM_LC_ADR151	25987
2021-07-01	LM_LC_ADR153	9220
2021-07-01	LM_LC_ADR154	2101.09999999999991
2021-07-01	LM_LC_ADR155	5624.39999999999964
2021-07-01	LM_LC_ADR157	903.600000000000023
2021-07-01	LM_LC_ADR158	282.699999999999989
2021-07-01	LM_LC_ADR162	657.200000000000045
2021-07-01	LM_LC_ADR168	69.2000000000000028
2021-07-01	LM_LC_ADR173	79.4000000000000057
2021-07-01	LM_LC_ADR174	135.090000000000003
2021-07-01	LM_LC_ADR175	0
2021-07-01	LM_LC_ADR176	84.5999999999999943
2021-07-01	LM_LC_ADR178	95.5499999999999972
2021-07-01	LM_LC_ADR184	38.9600000000000009
2021-07-01	LM_LC_ADR186	15.5399999999999991
2021-07-01	LM_LC_ADR187	29.0399999999999991
2021-07-01	LM_LC_ADR209	84.6800000000000068
2021-07-01	LM_LC_ADR32	0
2021-07-01	LM_LC_ADR82	0
2021-07-01	LM_LH_ADR122	10
2021-07-01	LM_LH_ADR189	43.8500000000000014
2021-07-01	LM_LH_ADR195	356
2021-07-01	LM_LH_ADR196	9
2021-07-01	LM_LH_ADR198	1004.5
2021-07-01	LM_LH_ADR200	40.2000000000000028
2021-07-01	LM_LH_ADR203	199.699999999999989
2021-07-01	LM_LH_ADR204	81.7999999999999972
2021-07-01	LM_LH_ADR208	247.699999999999989
2021-07-01	LM_LH_ADR211	19.3000000000000007
2021-07-01	LM_LH_ADR212	105
2021-07-01	LM_LH_ADR216	27.9699999999999989
2021-07-01	LM_LH_ADR218	332.600000000000023
2021-07-01	LM_LH_ADR221	229.800000000000011
2021-07-01	LM_LH_ADR222	0
2021-07-01	LM_LH_ADR227	29.5
2021-07-01	LM_LH_ADR229	83.8599999999999994
2021-07-01	LM_LH_ADR231	0
2021-07-01	LM_LH_ADR234	0
2021-07-01	LM_LH_ADR235	83.7999999999999972
2021-07-01	LM_LH_ADR33	0
2021-07-01	LM_ELE_ADR008	76030.4100000000035
2021-07-01	LM_ELE_ADR012	60508.989999999998
2021-07-01	LM_ELE_ADR017	10605.5699999999997
2021-07-01	LM_ELE_ADR019	2439.51999999999998
2021-07-01	LM_ELE_ADR024	106947.699999999997
2021-07-01	LM_ELE_ADR027	33502.3600000000006
2021-07-01	LM_LC_ADR163	26.4400000000000013
2021-07-01	LM_LC_ADR164	0.0200000000000000004
2021-07-01	LM_LH_ADR201	56.5
2021-07-01	LM_ELE_ADR029	9132.79000000000087
2021-07-01	LM_ELE_ADR031	141139.25
2021-07-01	LM_ELE_ADR038	254048.579999999987
2021-07-01	LM_ELE_ADR041	56975.1299999999974
2021-07-01	LM_ELE_ADR045	4993.68000000000029
2021-07-01	LM_ELE_ADR047	4475.68000000000029
2021-07-01	LM_ELE_ADR049	12684.9200000000001
2021-07-01	LM_ELE_ADR052	9439.95000000000073
2021-07-01	LM_ELE_ADR054	26478.9399999999987
2021-07-01	LM_ELE_ADR057	5234.48999999999978
2021-07-01	LM_ELE_ADR059	19332.3899999999994
2021-07-01	LM_ELE_ADR060	0
2021-07-01	LM_ELE_ADR061	0
2021-07-01	LM_ELE_ADR062	16182
2021-07-01	LM_ELE_ADR065	0
2021-07-01	LM_ELE_ADR067	125
2021-07-01	LM_ELE_ADR068	390
2021-07-01	LM_ELE_ADR070	80
2021-07-01	LM_ELE_ADR071	62922
2021-07-01	LM_ELE_ADR073	80
2021-07-01	LM_ELE_ADR077	1063
2021-07-01	LM_ELE_ADR084	47836.6699999999983
2021-07-01	LM_ELE_ADR086	10860.5300000000007
2021-07-01	LM_ELE_ADR088	30209.1800000000003
2021-07-01	LM_ELE_ADR094	1335.76999999999998
2021-07-01	LM_ELE_ADR095	82457.0200000000041
2021-07-01	LM_ELE_ADR097	22452.25
2021-07-01	LM_ELE_ADR098	2970.2199999999998
2021-07-01	LM_ELE_ADR099	55189.3199999999997
2021-07-01	LM_ELE_ADR100	12895.3999999999996
2021-07-01	LM_ELE_ADR101	6012.68000000000029
2021-07-01	LM_ELE_ADR111	362.079999999999984
2021-07-01	LM_ELE_ADR116	8819.64999999999964
2021-07-01	LM_ELE_ADR118	18129.8499999999985
2021-07-01	LM_ELE_ADR119	63259.1299999999974
2021-07-01	LM_ELE_ADR120	72597.1000000000058
2021-07-01	LM_WOD_ADR129	89.0999999999999943
2021-07-01	LM_WOD_ADR140	120.189999999999998
2021-07-01	LM_WOD_ADR147	50.4600000000000009
2021-07-01	LM_WOD_ADR246_Solution Space	404.810000000000002
2021-07-01	LM_WOD_ADR248_Solution Space	29.6499999999999986
2021-07-01	LM_ELE_ADR_B03	109787.110000000001
2021-07-01	LM_ELE_ADR_B07	87212.6199999999953
2021-07-01	LM_ELE_ADR_B08	130174.899999999994
2021-07-01	LM_LC_ADR_B26	104.730000000000004
2021-07-01	LM_LC_ADR_B30	342.899999999999977
2021-07-01	LM_LC_ADR_B32	765.799999999999955
2021-07-01	LM_LC_ADR_B33	650.299999999999955
2021-07-01	LM_LH_ADR_B19	70.7000000000000028
2021-07-01	LM_LH_ADR_B21	150.5
2021-07-01	LM_LH_ADR_B34	0
2021-07-01	LM_LH_ADR_B37	0.400000000000000022
2021-07-01	LM_LH_ADR_B39	85.5999999999999943
2021-07-01	LM_LH_ADR_B40	143.199999999999989
2021-07-01	LM_LH_ADR_B42	0
2021-07-01	LM_WOD_ADR_B78	173.990000000000009
2021-07-01	LM_LC_ADR102	40.9500000000000028
2021-07-01	LM_LC_ADR103	45.009999999999998
2021-07-01	LM_LC_ADR104	54.8999999999999986
2021-07-01	LM_LC_ADR152	4239.10000000000036
2021-07-01	LM_LC_ADR149	0.910000000000000031
2021-07-01	LM_LC_ADR156	2750.19999999999982
2021-07-01	LM_LC_ADR171	239.050000000000011
2021-07-01	LM_LC_ADR165	35.8999999999999986
2021-07-01	LM_LC_ADR166	29
2021-07-01	LM_LC_ADR180	123.879999999999995
2021-07-01	LM_LC_ADR181	0.100000000000000006
2021-07-01	LM_LC_ADR182	73.3100000000000023
2021-07-01	LM_LC_ADR183	1.41999999999999993
2021-07-01	LM_LC_ADR185	16.129999999999999
2021-07-01	LM_LC_ADR161	1199.40000000000009
2021-07-01	LM_LC_ADR224	124.010000000000005
2021-07-01	LM_LC_ADR89	26.1099999999999994
2021-07-01	LM_LC_ADR93	25.6099999999999994
2021-07-01	LM_LH_ADR145	7.37999999999999989
2021-07-01	LM_LH_ADR188	24.0599999999999987
2021-07-01	LM_LH_ADR190	6.42999999999999972
2021-07-01	LM_LH_ADR191	15.1999999999999993
2021-07-01	LM_LH_ADR192	0
2021-07-01	LM_LH_ADR194	700.5
2021-07-01	LM_LH_ADR207	381.300000000000011
2021-07-01	LM_LH_ADR197	1127.20000000000005
2021-07-01	LM_LH_ADR215	0
2021-07-01	LM_LH_ADR219	0.0200000000000000004
2021-07-01	LM_LH_ADR220	71.980000000000004
2021-07-01	LM_LH_ADR223	141.599999999999994
2021-07-01	LM_LH_ADR225	54.2999999999999972
2021-07-01	LM_LH_ADR226	50.9699999999999989
2021-07-01	LM_LH_ADR217	442.300000000000011
2021-07-01	LM_LH_ADR228	26.8000000000000007
2021-07-01	LM_LH_ADR232	46.5799999999999983
2021-07-01	LM_LH_ADR233	38
2021-07-01	LM_LH_ADR230	1.5
2021-07-01	LM_ELE_ADR114	213759.079999999987
2021-07-01	LM_ELE_ADR117	20477.3400000000001
2021-07-01	LM_WOD_ADR132	259.850000000000023
2021-07-01	LM_WOD_ADR133	320.069999999999993
2021-07-01	LM_WOD_ADR134	18.1000000000000014
2021-07-01	LM_WOD_ADR135	0
2021-07-01	LM_WOD_ADR136	61.7700000000000031
2021-07-01	LM_WOD_ADR139	1081.3599999999999
2021-07-01	LM_WOD_ADR141	17
2021-07-01	LM_WOD_ADR142	36
2021-07-01	LM_WOD_ADR143	361.069999999999993
2021-07-01	LM_WOD_ADR146	25269.2999999999993
2021-07-01	LM_WOD_ADR148	0.0500000000000000028
2021-07-01	LM_WOD_ADR150	32.8999999999999986
2021-07-01	LM_WOD_ADR237	860.950000000000045
2021-07-01	LM_WOD_ADR238	2210.0300000000002
2021-07-01	LM_WOD_ADR239	26.4100000000000001
2021-07-01	LM_WOD_ADR240	91.5400000000000063
2021-07-01	LM_WOD_ADR241	899.350000000000023
2021-07-01	LM_ELE_ADR121	158906.410000000003
2021-07-01	LM_ELE_ADR128	0
2021-07-01	LM_WOD_ADR247_Solution Space	369.569999999999993
2021-07-01	LM_WOD_ADR250_Solution Space	133.569999999999993
2021-07-01	LM_WOD_ADR30	0
2021-07-01	LM_ELE_ADR001	57763.2699999999968
2021-07-01	LM_ELE_ADR002	76678.0299999999988
2021-07-01	LM_ELE_ADR003	92503.4400000000023
2021-07-01	LM_ELE_ADR006	66431.4600000000064
2021-07-01	LM_ELE_ADR007	112584.559999999998
2021-07-01	LM_ELE_ADR009	153932.029999999999
2021-07-01	LM_ELE_ADR011	151400.549999999988
2021-07-01	LM_ELE_ADR013	191805.73000000001
2021-07-01	LM_ELE_ADR014	11718.2999999999993
2021-07-01	LM_ELE_ADR015	107978.889999999999
2021-07-01	LM_ELE_ADR016	835718.310000000056
2021-07-01	LM_ELE_ADR018	11105.9400000000005
2021-07-01	LM_ELE_ADR020	116572.419999999998
2021-07-01	LM_ELE_ADR022	112688.869999999995
2021-07-01	LM_ELE_ADR023	24779.3300000000017
2021-07-01	LM_ELE_ADR025	333624.309999999998
2021-07-01	LM_ELE_ADR028	15919.2700000000004
2021-07-01	LM_ELE_ADR034	18925
2021-07-01	LM_ELE_ADR036	77843.4199999999983
2021-07-01	LM_ELE_ADR039	270321.130000000005
2021-07-01	LM_ELE_ADR040	29531
2021-07-01	LM_ELE_ADR042	2962.26999999999998
2021-07-01	LM_ELE_ADR044	5891.28999999999996
2021-07-01	LM_ELE_ADR048	6186.78999999999996
2021-07-01	LM_ELE_ADR051	5881.92000000000007
2021-07-01	LM_ELE_ADR053	16437.0200000000004
2021-07-01	LM_ELE_ADR055	4823.35000000000036
2021-07-01	LM_ELE_ADR056	18756.7400000000016
2021-07-01	LM_ELE_ADR063	189
2021-07-01	LM_ELE_ADR064	0
2021-07-01	LM_ELE_ADR058	70101.9100000000035
2021-07-01	LM_ELE_ADR072	20274
2021-07-01	LM_ELE_ADR074	62922
2021-07-01	LM_ELE_ADR076	0
2021-07-01	LM_ELE_ADR081	36841.6900000000023
2021-07-01	LM_ELE_ADR085	36149.3300000000017
2021-07-01	LM_ELE_ADR090	32102.880000000001
2021-07-01	LM_ELE_ADR107	63073.4100000000035
2021-07-01	LM_ELE_ADR108	5889.39000000000033
2021-07-01	LM_ELE_ADR109	2011.28999999999996
2021-07-01	LM_ELE_ADR110	406.220000000000027
2021-07-01	LM_ELE_ADR113	44751.1100000000006
2021-07-01	LM_ELE_ADR087	76703.6999999999971
2021-07-01	LM_LC_ADR_B45	147.02000000000001
2021-07-01	LM_LH_ADR_B46	49.3500000000000014
2021-07-01	LM_LH_ADR_B47	94.5
2021-07-01	LM_WOD_ADR_B74	26.4800000000000004
2021-07-01	LM_ELE_ADR_B06	378002.340000000026
2021-07-01	LM_ELE_ADR046	0
2021-07-01	LM_ELE_ADR010	99055.9100000000035
2021-07-01	LM_ELE_ADR043	2352.51000000000022
2021-07-01	LM_ELE_ADR_B11	27260.2299999999996
2021-07-01	LM_WOD_ADR242	40.240000000000002
2021-07-01	LM_ELE_ADR124	57138.1299999999974
2021-07-01	LM_ELE_ADR112	655449.060000000056
2021-07-01	LM_WOD_ADR_B75	127.069999999999993
2021-07-01	LM_ELE_ADR091	8948.38999999999942
2021-07-01	LM_WOD_ADR_B80	90.4599999999999937
2021-07-01	LM_WOD_ADR_B81	36.4299999999999997
2021-07-01	LM_ELE_ADR_B04	225975.130000000005
2021-07-01	LM_ELE_ADR_B05	202525.880000000005
2021-07-01	LM_ELE_ADR_B09	251422.559999999998
2021-07-01	LM_ELE_ADR_B01	0
2021-07-01	LM_ELE_ADR_B10	25237.0600000000013
2021-07-01	LM_ELE_ADR_B02	0
2021-07-01	LM_LC_ADR_B18	14.4700000000000006
2021-07-01	LM_LC_ADR_B20	58.1400000000000006
2021-07-01	LM_LC_ADR_B22	30.379999999999999
2021-07-01	LM_LC_ADR_B24	10
2021-07-01	LM_LC_ADR_B31	350.100000000000023
2021-07-01	LM_LC_ADR_B41	383
2021-07-01	LM_LC_ADR_B43	5.5
2021-07-01	LM_LH_ADR_B23	50
2021-07-01	LM_LH_ADR_B25	31.1000000000000014
2021-07-01	LM_LH_ADR_B27	94.7999999999999972
2021-07-01	LM_LH_ADR_B35	0
2021-07-01	LM_LH_ADR_B36	0
2021-07-01	LM_LH_ADR_B38	65.5
2021-07-01	LM_LH_ADR_B44	3.39999999999999991
2021-07-01	LM_WOD_ADR_B76	1658.8900000000001
2021-07-01	LM_WOD_ADR_B77	8.57000000000000028
2021-07-01	LM_LC_ADR_B16	32.4500000000000028
2021-07-01	LM_LH_ADR_B17	40.7999999999999972
2021-07-01	LM_WOD_ADR_B79	326.420000000000016
2021-07-01	LM_ELE_ADR_B12	14061.9899999999998
2021-07-01	LM_ELE_ADR_B13	13382.25
2021-07-01	LM_LC_ADR_B46	45.0700000000000003
2021-07-01	LM_LC_ADR193	0
2021-07-01	LM_ELE_ADR125	4098.10000000000036
2021-07-01	LM_ELE_ADR069	243151
2021-07-01	LM_ELE_ADR075	80
2021-06-01	LM_LC_ADR170	48.8900000000000006
2021-06-01	LM_LC_ADR172	90.1200000000000045
2021-06-01	LM_LC_ADR179	70.5999999999999943
2021-06-01	LM_ELE_ADR021	192566.339999999997
2021-06-01	LM_ELE_ADR078	35268
2021-06-01	LM_ELE_ADR066	0
2021-06-01	LM_ELE_ADR080	144294.799999999988
2021-06-01	LM_LH_ADR199	117.200000000000003
2021-06-01	LM_ELE_ADR115	20223.9300000000003
2021-06-01	LM_WOD_ADR249_Solution Space	68.0499999999999972
2021-06-01	LM_WOD_MAIN_W	0
2021-06-01	LM_LC_ADR123	363.399999999999977
2021-06-01	LM_LC_ADR151	25963
2021-06-01	LM_LC_ADR153	9212
2021-06-01	LM_LC_ADR154	2096.09999999999991
2021-06-01	LM_LC_ADR155	5619.69999999999982
2021-06-01	LM_LC_ADR157	903.399999999999977
2021-06-01	LM_LC_ADR158	282.5
2021-06-01	LM_LC_ADR162	656.600000000000023
2021-06-01	LM_LC_ADR168	69
2021-06-01	LM_LC_ADR173	79.3100000000000023
2021-06-01	LM_LC_ADR174	133.639999999999986
2021-06-01	LM_LC_ADR175	0
2021-06-01	LM_LC_ADR176	84.5999999999999943
2021-06-01	LM_LC_ADR178	95.2000000000000028
2021-06-01	LM_LC_ADR184	38.9600000000000009
2021-06-01	LM_LC_ADR186	15.5399999999999991
2021-06-01	LM_LC_ADR187	29.0399999999999991
2021-06-01	LM_LC_ADR209	84.1899999999999977
2021-06-01	LM_LC_ADR32	0
2021-06-01	LM_LC_ADR82	0
2021-06-01	LM_LH_ADR122	9.09999999999999964
2021-06-01	LM_LH_ADR189	40.5300000000000011
2021-06-01	LM_LH_ADR195	330.600000000000023
2021-06-01	LM_LH_ADR196	9
2021-06-01	LM_LH_ADR198	951.299999999999955
2021-06-01	LM_LH_ADR200	37.8999999999999986
2021-06-01	LM_LH_ADR203	194.800000000000011
2021-06-01	LM_LH_ADR204	76.4000000000000057
2021-06-01	LM_LH_ADR208	239.300000000000011
2021-06-01	LM_LH_ADR211	17.1000000000000014
2021-06-01	LM_LH_ADR212	94.5
2021-06-01	LM_LH_ADR216	26.1499999999999986
2021-06-01	LM_LH_ADR218	320.5
2021-06-01	LM_LH_ADR221	209.5
2021-06-01	LM_LH_ADR222	0
2021-06-01	LM_LH_ADR227	28
2021-06-01	LM_LH_ADR229	82.1599999999999966
2021-06-01	LM_LH_ADR231	0
2021-06-01	LM_LH_ADR234	0
2021-06-01	LM_LH_ADR235	78
2021-06-01	LM_LH_ADR33	0
2021-06-01	LM_ELE_ADR008	73981.5299999999988
2021-06-01	LM_ELE_ADR012	58983.2900000000009
2021-06-01	LM_ELE_ADR017	10418.6000000000004
2021-06-01	LM_ELE_ADR019	2439.5
2021-06-01	LM_ELE_ADR024	105229.130000000005
2021-06-01	LM_ELE_ADR027	33393.0400000000009
2021-06-01	LM_LC_ADR163	26.4400000000000013
2021-06-01	LM_LC_ADR164	0.0200000000000000004
2021-06-01	LM_LH_ADR201	49.5
2021-06-01	LM_ELE_ADR029	8793.51000000000022
2021-06-01	LM_ELE_ADR031	135128.660000000003
2021-06-01	LM_ELE_ADR038	245291.059999999998
2021-06-01	LM_ELE_ADR041	56748.989999999998
2021-06-01	LM_ELE_ADR045	4896.3100000000004
2021-06-01	LM_ELE_ADR047	4383.63000000000011
2021-06-01	LM_ELE_ADR049	12459.6000000000004
2021-06-01	LM_ELE_ADR052	9261.3700000000008
2021-06-01	LM_ELE_ADR054	25997.0299999999988
2021-06-01	LM_ELE_ADR057	5152.67000000000007
2021-06-01	LM_ELE_ADR059	18866.3499999999985
2021-06-01	LM_ELE_ADR060	0
2021-06-01	LM_ELE_ADR061	0
2021-06-01	LM_ELE_ADR062	15578
2021-06-01	LM_ELE_ADR065	0
2021-06-01	LM_ELE_ADR067	125
2021-06-01	LM_ELE_ADR068	385
2021-06-01	LM_ELE_ADR070	80
2021-06-01	LM_ELE_ADR071	60950
2021-06-01	LM_ELE_ADR073	80
2021-06-01	LM_ELE_ADR077	1063
2021-06-01	LM_ELE_ADR084	47209.1600000000035
2021-06-01	LM_ELE_ADR086	10480.7800000000007
2021-06-01	LM_ELE_ADR088	29262.2000000000007
2021-06-01	LM_ELE_ADR094	1238.70000000000005
2021-06-01	LM_ELE_ADR095	80342.5099999999948
2021-06-01	LM_ELE_ADR097	21701.4799999999996
2021-06-01	LM_ELE_ADR098	2909.9699999999998
2021-06-01	LM_ELE_ADR099	53031.1800000000003
2021-06-01	LM_ELE_ADR100	12352
2021-06-01	LM_ELE_ADR101	5822.81999999999971
2021-06-01	LM_ELE_ADR111	362.069999999999993
2021-06-01	LM_ELE_ADR116	7935.64000000000033
2021-06-01	LM_ELE_ADR118	17897.0900000000001
2021-06-01	LM_ELE_ADR119	61974.3700000000026
2021-06-01	LM_ELE_ADR120	72537.4700000000012
2021-06-01	LM_WOD_ADR129	85.7199999999999989
2021-06-01	LM_WOD_ADR140	120.030000000000001
2021-06-01	LM_WOD_ADR147	49.1300000000000026
2021-06-01	LM_WOD_ADR246_Solution Space	387.230000000000018
2021-06-01	LM_WOD_ADR248_Solution Space	27.9299999999999997
2021-06-01	LM_ELE_ADR_B03	107709.399999999994
2021-06-01	LM_ELE_ADR_B07	85880.5899999999965
2021-06-01	LM_ELE_ADR_B08	128213.570000000007
2021-06-01	LM_LC_ADR_B26	104.640000000000001
2021-06-01	LM_LC_ADR_B30	342.800000000000011
2021-06-01	LM_LC_ADR_B32	764.799999999999955
2021-06-01	LM_LC_ADR_B33	649.799999999999955
2021-06-01	LM_LH_ADR_B19	67.5999999999999943
2021-06-01	LM_LH_ADR_B21	142.400000000000006
2021-06-01	LM_LH_ADR_B34	0
2021-06-01	LM_LH_ADR_B37	0.400000000000000022
2021-06-01	LM_LH_ADR_B39	78.5999999999999943
2021-06-01	LM_LH_ADR_B40	136
2021-06-01	LM_LH_ADR_B42	0
2021-06-01	LM_WOD_ADR_B78	173.379999999999995
2021-06-01	LM_LC_ADR102	40.8400000000000034
2021-06-01	LM_LC_ADR103	44.8900000000000006
2021-06-01	LM_LC_ADR104	54.6899999999999977
2021-06-01	LM_LC_ADR152	4236
2021-06-01	LM_LC_ADR149	0.910000000000000031
2021-06-01	LM_LC_ADR156	2744.90000000000009
2021-06-01	LM_LC_ADR171	238.800000000000011
2021-06-01	LM_LC_ADR165	35.7700000000000031
2021-06-01	LM_LC_ADR166	28.9100000000000001
2021-06-01	LM_LC_ADR180	123.700000000000003
2021-06-01	LM_LC_ADR181	0.100000000000000006
2021-06-01	LM_LC_ADR182	73.2999999999999972
2021-06-01	LM_LC_ADR183	1.41999999999999993
2021-06-01	LM_LC_ADR185	16.129999999999999
2021-06-01	LM_LC_ADR161	1198.09999999999991
2021-06-01	LM_LC_ADR224	123.620000000000005
2021-06-01	LM_LC_ADR89	26.0100000000000016
2021-06-01	LM_LC_ADR93	25.5100000000000016
2021-06-01	LM_LH_ADR145	5.54000000000000004
2021-06-01	LM_LH_ADR188	19.4400000000000013
2021-06-01	LM_LH_ADR190	5.29000000000000004
2021-06-01	LM_LH_ADR191	13
2021-06-01	LM_LH_ADR192	0
2021-06-01	LM_LH_ADR194	670.299999999999955
2021-06-01	LM_LH_ADR207	378.199999999999989
2021-06-01	LM_LH_ADR197	1082.59999999999991
2021-06-01	LM_LH_ADR215	0
2021-06-01	LM_LH_ADR219	0.0200000000000000004
2021-06-01	LM_LH_ADR220	71.980000000000004
2021-06-01	LM_LH_ADR223	130.400000000000006
2021-06-01	LM_LH_ADR225	52
2021-06-01	LM_LH_ADR226	50.9699999999999989
2021-06-01	LM_LH_ADR217	424.699999999999989
2021-06-01	LM_LH_ADR228	26.5
2021-06-01	LM_LH_ADR232	45.0799999999999983
2021-06-01	LM_LH_ADR233	33.1000000000000014
2021-06-01	LM_LH_ADR230	1.5
2021-06-01	LM_ELE_ADR114	207899.48000000001
2021-06-01	LM_ELE_ADR117	20134.7700000000004
2021-06-01	LM_WOD_ADR132	254.460000000000008
2021-06-01	LM_WOD_ADR133	316.990000000000009
2021-06-01	LM_WOD_ADR134	18.0199999999999996
2021-06-01	LM_WOD_ADR135	0
2021-06-01	LM_WOD_ADR136	60.7700000000000031
2021-06-01	LM_WOD_ADR139	1032.98000000000002
2021-06-01	LM_WOD_ADR141	17
2021-06-01	LM_WOD_ADR142	36
2021-06-01	LM_WOD_ADR143	299.54000000000002
2021-06-01	LM_WOD_ADR146	24155.2999999999993
2021-06-01	LM_WOD_ADR148	0.0500000000000000028
2021-06-01	LM_WOD_ADR150	32.0200000000000031
2021-06-01	LM_WOD_ADR237	779.200000000000045
2021-06-01	LM_WOD_ADR238	2209.21000000000004
2021-06-01	LM_WOD_ADR239	25.7800000000000011
2021-06-01	LM_WOD_ADR240	88.6099999999999994
2021-06-01	LM_WOD_ADR241	880.080000000000041
2021-06-01	LM_ELE_ADR121	85.4399999999999977
2021-06-01	LM_ELE_ADR128	0
2021-06-01	LM_WOD_ADR247_Solution Space	350.95999999999998
2021-06-01	LM_WOD_ADR250_Solution Space	127.599999999999994
2021-06-01	LM_WOD_ADR30	0
2021-06-01	LM_ELE_ADR001	56427.9100000000035
2021-06-01	LM_ELE_ADR002	75395.0599999999977
2021-06-01	LM_ELE_ADR003	90935.4700000000012
2021-06-01	LM_ELE_ADR006	65550.2200000000012
2021-06-01	LM_ELE_ADR007	110943.970000000001
2021-06-01	LM_ELE_ADR009	152491.48000000001
2021-06-01	LM_ELE_ADR011	150191.859999999986
2021-06-01	LM_ELE_ADR013	191491.579999999987
2021-06-01	LM_ELE_ADR014	11440.8799999999992
2021-06-01	LM_ELE_ADR015	105475.880000000005
2021-06-01	LM_ELE_ADR016	821760.810000000056
2021-06-01	LM_ELE_ADR018	10877.5499999999993
2021-06-01	LM_ELE_ADR020	114805.679999999993
2021-06-01	LM_ELE_ADR022	109758.089999999997
2021-06-01	LM_ELE_ADR023	23986.5600000000013
2021-06-01	LM_ELE_ADR025	321945.440000000002
2021-06-01	LM_ELE_ADR028	15546.6700000000001
2021-06-01	LM_ELE_ADR034	17813.0099999999984
2021-06-01	LM_ELE_ADR036	77533.3099999999977
2021-06-01	LM_ELE_ADR039	262252.559999999998
2021-06-01	LM_ELE_ADR040	29531
2021-06-01	LM_ELE_ADR042	2900.5
2021-06-01	LM_ELE_ADR044	5800.4399999999996
2021-06-01	LM_ELE_ADR048	6095.31999999999971
2021-06-01	LM_ELE_ADR051	5774.03999999999996
2021-06-01	LM_ELE_ADR053	15347.9500000000007
2021-06-01	LM_ELE_ADR055	4731.25
2021-06-01	LM_ELE_ADR056	18394.7400000000016
2021-06-01	LM_ELE_ADR063	189
2021-06-01	LM_ELE_ADR064	0
2021-06-01	LM_ELE_ADR058	68719.6600000000035
2021-06-01	LM_ELE_ADR072	19575
2021-06-01	LM_ELE_ADR074	60950
2021-06-01	LM_ELE_ADR076	0
2021-06-01	LM_ELE_ADR081	35676.7699999999968
2021-06-01	LM_ELE_ADR085	34477.1399999999994
2021-06-01	LM_ELE_ADR090	31482.0600000000013
2021-06-01	LM_ELE_ADR107	60698.4599999999991
2021-06-01	LM_ELE_ADR108	5774.77999999999975
2021-06-01	LM_ELE_ADR109	2010.96000000000004
2021-06-01	LM_ELE_ADR110	406.220000000000027
2021-06-01	LM_ELE_ADR113	43660.8700000000026
2021-06-01	LM_ELE_ADR087	75488.8699999999953
2021-06-01	LM_LC_ADR_B45	146.870000000000005
2021-06-01	LM_LH_ADR_B46	49.3500000000000014
2021-06-01	LM_LH_ADR_B47	83.5
2021-06-01	LM_WOD_ADR_B74	25.5199999999999996
2021-06-01	LM_ELE_ADR_B06	356973.25
2021-06-01	LM_ELE_ADR046	0
2021-06-01	LM_ELE_ADR010	96480.2299999999959
2021-06-01	LM_ELE_ADR043	2298.65000000000009
2021-06-01	LM_ELE_ADR_B11	26790.119999999999
2021-06-01	LM_WOD_ADR242	40.240000000000002
2021-06-01	LM_ELE_ADR124	52028.989999999998
2021-06-01	LM_ELE_ADR112	645954.810000000056
2021-06-01	LM_WOD_ADR_B75	122.519999999999996
2021-06-01	LM_ELE_ADR091	8611.27000000000044
2021-06-01	LM_WOD_ADR_B80	87.5400000000000063
2021-06-01	LM_WOD_ADR_B81	35.6199999999999974
2021-06-01	LM_ELE_ADR_B04	211503.73000000001
2021-06-01	LM_ELE_ADR_B05	189549.970000000001
2021-06-01	LM_ELE_ADR_B09	246870.890000000014
2021-06-01	LM_ELE_ADR_B01	0
2021-06-01	LM_ELE_ADR_B10	25096.6699999999983
2021-06-01	LM_ELE_ADR_B02	0
2021-06-01	LM_LC_ADR_B18	14.4600000000000009
2021-06-01	LM_LC_ADR_B20	58.1099999999999994
2021-06-01	LM_LC_ADR_B22	30.3500000000000014
2021-06-01	LM_LC_ADR_B24	10
2021-06-01	LM_LC_ADR_B31	350
2021-06-01	LM_LC_ADR_B41	382.800000000000011
2021-06-01	LM_LC_ADR_B43	5.29999999999999982
2021-06-01	LM_LH_ADR_B23	44.3999999999999986
2021-06-01	LM_LH_ADR_B25	24
2021-06-01	LM_LH_ADR_B27	79.9000000000000057
2021-06-01	LM_LH_ADR_B35	0
2021-06-01	LM_LH_ADR_B36	0
2021-06-01	LM_LH_ADR_B38	61.7999999999999972
2021-06-01	LM_LH_ADR_B44	3.39999999999999991
2021-06-01	LM_WOD_ADR_B76	1242.50999999999999
2021-06-01	LM_WOD_ADR_B77	5.51999999999999957
2021-06-01	LM_LC_ADR_B16	32.4500000000000028
2021-06-01	LM_LH_ADR_B17	38.3999999999999986
2021-06-01	LM_WOD_ADR_B79	315.170000000000016
2021-06-01	LM_ELE_ADR_B12	13608.0900000000001
2021-06-01	LM_ELE_ADR_B13	13060.8799999999992
2021-06-01	LM_LC_ADR_B46	45.0700000000000003
2021-06-01	LM_LC_ADR193	0
2021-06-01	LM_ELE_ADR125	3967.09999999999991
2021-06-01	LM_ELE_ADR069	237816
2021-06-01	LM_ELE_ADR075	80
2021-08-01	LM_LC_ADR170	48.9600000000000009
2021-08-01	LM_LC_ADR172	90.230000000000004
2021-08-01	LM_LC_ADR179	70.5999999999999943
2021-08-01	LM_ELE_ADR021	199225.73000000001
2021-08-01	LM_ELE_ADR078	38202
2021-08-01	LM_ELE_ADR066	0
2021-08-01	LM_ELE_ADR080	149258.529999999999
2021-08-01	LM_LH_ADR199	128.699999999999989
2021-08-01	LM_ELE_ADR115	21314.6399999999994
2021-08-01	LM_WOD_ADR249_Solution Space	73.6299999999999955
2021-08-01	LM_WOD_MAIN_W	0
2021-08-01	LM_LC_ADR123	371.5
2021-08-01	LM_LC_ADR151	25990
2021-08-01	LM_LC_ADR153	9222
2021-08-01	LM_LC_ADR154	2101.59999999999991
2021-08-01	LM_LC_ADR155	5624.80000000000018
2021-08-01	LM_LC_ADR157	903.700000000000045
2021-08-01	LM_LC_ADR158	282.699999999999989
2021-08-01	LM_LC_ADR162	657.200000000000045
2021-08-01	LM_LC_ADR168	69.5
2021-08-01	LM_LC_ADR173	79.4000000000000057
2021-08-01	LM_LC_ADR174	135.319999999999993
2021-08-01	LM_LC_ADR175	0
2021-08-01	LM_LC_ADR176	84.7000000000000028
2021-08-01	LM_LC_ADR178	95.5799999999999983
2021-08-01	LM_LC_ADR184	38.9600000000000009
2021-08-01	LM_LC_ADR186	15.5399999999999991
2021-08-01	LM_LC_ADR187	29.0399999999999991
2021-08-01	LM_LC_ADR209	84.6800000000000068
2021-08-01	LM_LC_ADR32	0
2021-08-01	LM_LC_ADR82	0
2021-08-01	LM_LH_ADR122	10.8000000000000007
2021-08-01	LM_LH_ADR189	49.2800000000000011
2021-08-01	LM_LH_ADR195	390.100000000000023
2021-08-01	LM_LH_ADR196	9
2021-08-01	LM_LH_ADR198	1054.79999999999995
2021-08-01	LM_LH_ADR200	42.3999999999999986
2021-08-01	LM_LH_ADR203	205.599999999999994
2021-08-01	LM_LH_ADR204	86.2000000000000028
2021-08-01	LM_LH_ADR208	256.800000000000011
2021-08-01	LM_LH_ADR211	21.6000000000000014
2021-08-01	LM_LH_ADR212	115
2021-08-01	LM_LH_ADR216	27.9699999999999989
2021-08-01	LM_LH_ADR218	346.100000000000023
2021-08-01	LM_LH_ADR221	247.300000000000011
2021-08-01	LM_LH_ADR222	0
2021-08-01	LM_LH_ADR227	34.3999999999999986
2021-08-01	LM_LH_ADR229	83.8599999999999994
2021-08-01	LM_LH_ADR231	0
2021-08-01	LM_LH_ADR234	0
2021-08-01	LM_LH_ADR235	84.0999999999999943
2021-08-01	LM_LH_ADR33	0
2021-08-01	LM_ELE_ADR008	77991.25
2021-08-01	LM_ELE_ADR012	61467.3099999999977
2021-08-01	LM_ELE_ADR017	10777.3600000000006
2021-08-01	LM_ELE_ADR019	2439.5300000000002
2021-08-01	LM_ELE_ADR024	108638.589999999997
2021-08-01	LM_ELE_ADR027	33675.5599999999977
2021-08-01	LM_LC_ADR163	26.4400000000000013
2021-08-01	LM_LC_ADR164	0.0200000000000000004
2021-08-01	LM_LH_ADR201	65.7000000000000028
2021-08-01	LM_ELE_ADR029	9532.79000000000087
2021-08-01	LM_ELE_ADR031	143999.839999999997
2021-08-01	LM_ELE_ADR038	262812.630000000005
2021-08-01	LM_ELE_ADR041	57072.8899999999994
2021-08-01	LM_ELE_ADR045	5091.30000000000018
2021-08-01	LM_ELE_ADR047	4569.56999999999971
2021-08-01	LM_ELE_ADR049	12897.1200000000008
2021-08-01	LM_ELE_ADR052	9609.51000000000022
2021-08-01	LM_ELE_ADR054	26931.7700000000004
2021-08-01	LM_ELE_ADR057	5320.8100000000004
2021-08-01	LM_ELE_ADR059	19784.1399999999994
2021-08-01	LM_ELE_ADR060	0
2021-08-01	LM_ELE_ADR061	0
2021-08-01	LM_ELE_ADR062	16746
2021-08-01	LM_ELE_ADR065	0
2021-08-01	LM_ELE_ADR067	125
2021-08-01	LM_ELE_ADR068	473
2021-08-01	LM_ELE_ADR070	80
2021-08-01	LM_ELE_ADR071	64861
2021-08-01	LM_ELE_ADR073	80
2021-08-01	LM_ELE_ADR077	1063
2021-08-01	LM_ELE_ADR084	48649.0999999999985
2021-08-01	LM_ELE_ADR086	11215.6900000000005
2021-08-01	LM_ELE_ADR088	31259.5099999999984
2021-08-01	LM_ELE_ADR094	1414.51999999999998
2021-08-01	LM_ELE_ADR095	84463.25
2021-08-01	LM_ELE_ADR097	23214.7900000000009
2021-08-01	LM_ELE_ADR098	3036.38999999999987
2021-08-01	LM_ELE_ADR099	57513.9400000000023
2021-08-01	LM_ELE_ADR100	13375.6200000000008
2021-08-01	LM_ELE_ADR101	6199.88000000000011
2021-08-01	LM_ELE_ADR111	362.079999999999984
2021-08-01	LM_ELE_ADR116	9988.40999999999985
2021-08-01	LM_ELE_ADR118	18346.2200000000012
2021-08-01	LM_ELE_ADR119	64472.7900000000009
2021-08-01	LM_ELE_ADR120	72649.2899999999936
2021-08-01	LM_WOD_ADR129	92.1500000000000057
2021-08-01	LM_WOD_ADR140	120.390000000000001
2021-08-01	LM_WOD_ADR147	51.5499999999999972
2021-08-01	LM_WOD_ADR246_Solution Space	419.689999999999998
2021-08-01	LM_WOD_ADR248_Solution Space	31.3999999999999986
2021-08-01	LM_ELE_ADR_B03	111810.770000000004
2021-08-01	LM_ELE_ADR_B07	88525.8399999999965
2021-08-01	LM_ELE_ADR_B08	132174.779999999999
2021-08-01	LM_LC_ADR_B26	104.760000000000005
2021-08-01	LM_LC_ADR_B30	342.899999999999977
2021-08-01	LM_LC_ADR_B32	765.799999999999955
2021-08-01	LM_LC_ADR_B33	650.299999999999955
2021-08-01	LM_LH_ADR_B19	72.7999999999999972
2021-08-01	LM_LH_ADR_B21	156.099999999999994
2021-08-01	LM_LH_ADR_B34	0
2021-08-01	LM_LH_ADR_B37	0.400000000000000022
2021-08-01	LM_LH_ADR_B39	91.7999999999999972
2021-08-01	LM_LH_ADR_B40	151.099999999999994
2021-08-01	LM_LH_ADR_B42	0
2021-08-01	LM_WOD_ADR_B78	175.02000000000001
2021-08-01	LM_LC_ADR102	40.9600000000000009
2021-08-01	LM_LC_ADR103	45.0200000000000031
2021-08-01	LM_LC_ADR104	54.9200000000000017
2021-08-01	LM_LC_ADR152	4239.39999999999964
2021-08-01	LM_LC_ADR149	0.910000000000000031
2021-08-01	LM_LC_ADR156	2750.80000000000018
2021-08-01	LM_LC_ADR171	239.090000000000003
2021-08-01	LM_LC_ADR165	35.9099999999999966
2021-08-01	LM_LC_ADR166	29
2021-08-01	LM_LC_ADR180	123.879999999999995
2021-08-01	LM_LC_ADR181	0.100000000000000006
2021-08-01	LM_LC_ADR182	73.3100000000000023
2021-08-01	LM_LC_ADR183	1.41999999999999993
2021-08-01	LM_LC_ADR185	16.129999999999999
2021-08-01	LM_LC_ADR161	1199.59999999999991
2021-08-01	LM_LC_ADR224	124.040000000000006
2021-08-01	LM_LC_ADR89	26.120000000000001
2021-08-01	LM_LC_ADR93	25.620000000000001
2021-08-01	LM_LH_ADR145	9.48000000000000043
2021-08-01	LM_LH_ADR188	30.9899999999999984
2021-08-01	LM_LH_ADR190	7.62000000000000011
2021-08-01	LM_LH_ADR191	18.6000000000000014
2021-08-01	LM_LH_ADR192	0
2021-08-01	LM_LH_ADR194	745.600000000000023
2021-08-01	LM_LH_ADR207	384.399999999999977
2021-08-01	LM_LH_ADR197	1173.40000000000009
2021-08-01	LM_LH_ADR215	0
2021-08-01	LM_LH_ADR219	0.0299999999999999989
2021-08-01	LM_LH_ADR220	71.980000000000004
2021-08-01	LM_LH_ADR223	155.400000000000006
2021-08-01	LM_LH_ADR225	58.5
2021-08-01	LM_LH_ADR226	50.9699999999999989
2021-08-01	LM_LH_ADR217	458.399999999999977
2021-08-01	LM_LH_ADR228	26.8000000000000007
2021-08-01	LM_LH_ADR232	47.990000000000002
2021-08-01	LM_LH_ADR233	42.8999999999999986
2021-08-01	LM_LH_ADR230	1.5
2021-08-01	LM_ELE_ADR114	8.22000000000000064
2021-08-01	LM_ELE_ADR117	20751.7799999999988
2021-08-01	LM_WOD_ADR132	265.850000000000023
2021-08-01	LM_WOD_ADR133	323.45999999999998
2021-08-01	LM_WOD_ADR134	18.1900000000000013
2021-08-01	LM_WOD_ADR135	0
2021-08-01	LM_WOD_ADR136	62.5600000000000023
2021-08-01	LM_WOD_ADR139	1135.66000000000008
2021-08-01	LM_WOD_ADR141	17
2021-08-01	LM_WOD_ADR142	36
2021-08-01	LM_WOD_ADR143	410.990000000000009
2021-08-01	LM_WOD_ADR146	26031.0999999999985
2021-08-01	LM_WOD_ADR148	0.0500000000000000028
2021-08-01	LM_WOD_ADR150	33.8400000000000034
2021-08-01	LM_WOD_ADR237	911.100000000000023
2021-08-01	LM_WOD_ADR238	2210.82999999999993
2021-08-01	LM_WOD_ADR239	27.2899999999999991
2021-08-01	LM_WOD_ADR240	95.8499999999999943
2021-08-01	LM_WOD_ADR241	918.889999999999986
2021-08-01	LM_ELE_ADR121	85.4399999999999977
2021-08-01	LM_ELE_ADR128	0
2021-08-01	LM_WOD_ADR247_Solution Space	385.100000000000023
2021-08-01	LM_WOD_ADR250_Solution Space	141.47999999999999
2021-08-01	LM_WOD_ADR30	0
2021-08-01	LM_ELE_ADR001	58874.6299999999974
2021-08-01	LM_ELE_ADR002	77871.9100000000035
2021-08-01	LM_ELE_ADR003	94020.4900000000052
2021-08-01	LM_ELE_ADR006	67161.5800000000017
2021-08-01	LM_ELE_ADR007	113735.449999999997
2021-08-01	LM_ELE_ADR009	154667.529999999999
2021-08-01	LM_ELE_ADR011	152282.5
2021-08-01	LM_ELE_ADR013	192124.029999999999
2021-08-01	LM_ELE_ADR014	11997.5799999999999
2021-08-01	LM_ELE_ADR015	110355.660000000003
2021-08-01	LM_ELE_ADR016	849366.189999999944
2021-08-01	LM_ELE_ADR018	11321.5900000000001
2021-08-01	LM_ELE_ADR020	118231.039999999994
2021-08-01	LM_ELE_ADR022	115261.860000000001
2021-08-01	LM_ELE_ADR023	25488.130000000001
2021-08-01	LM_ELE_ADR025	344389
2021-08-01	LM_ELE_ADR028	16577.7400000000016
2021-08-01	LM_ELE_ADR034	19986.1800000000003
2021-08-01	LM_ELE_ADR036	78001.3399999999965
2021-08-01	LM_ELE_ADR039	278047.409999999974
2021-08-01	LM_ELE_ADR040	29531
2021-08-01	LM_ELE_ADR042	3020.34000000000015
2021-08-01	LM_ELE_ADR044	5981.10000000000036
2021-08-01	LM_ELE_ADR048	6282.09000000000015
2021-08-01	LM_ELE_ADR051	5976.98999999999978
2021-08-01	LM_ELE_ADR053	17375.7599999999984
2021-08-01	LM_ELE_ADR055	4909.10999999999967
2021-08-01	LM_ELE_ADR056	19092.0699999999997
2021-08-01	LM_ELE_ADR063	189
2021-08-01	LM_ELE_ADR064	0
2021-08-01	LM_ELE_ADR058	71415.9400000000023
2021-08-01	LM_ELE_ADR072	20934
2021-08-01	LM_ELE_ADR074	64861
2021-08-01	LM_ELE_ADR076	0
2021-08-01	LM_ELE_ADR081	37751.0999999999985
2021-08-01	LM_ELE_ADR085	38020.1900000000023
2021-08-01	LM_ELE_ADR090	32589.7000000000007
2021-08-01	LM_ELE_ADR107	65332.7099999999991
2021-08-01	LM_ELE_ADR108	5984.64000000000033
2021-08-01	LM_ELE_ADR109	2011.43000000000006
2021-08-01	LM_ELE_ADR110	406.220000000000027
2021-08-01	LM_ELE_ADR113	45796.6900000000023
2021-08-01	LM_ELE_ADR087	78117.5099999999948
2021-08-01	LM_LC_ADR_B45	147.02000000000001
2021-08-01	LM_LH_ADR_B46	49.3500000000000014
2021-08-01	LM_LH_ADR_B47	106.299999999999997
2021-08-01	LM_WOD_ADR_B74	27.4800000000000004
2021-08-01	LM_ELE_ADR_B06	393270.280000000028
2021-08-01	LM_ELE_ADR046	0
2021-08-01	LM_ELE_ADR010	100958.259999999995
2021-08-01	LM_ELE_ADR043	2402.05999999999995
2021-08-01	LM_ELE_ADR_B11	27748.4399999999987
2021-08-01	LM_WOD_ADR242	40.3299999999999983
2021-08-01	LM_ELE_ADR124	62021.0400000000009
2021-08-01	LM_ELE_ADR112	664588.689999999944
2021-08-01	LM_WOD_ADR_B75	129.590000000000003
2021-08-01	LM_ELE_ADR091	9276.47999999999956
2021-08-01	LM_WOD_ADR_B80	93.0400000000000063
2021-08-01	LM_WOD_ADR_B81	37.0799999999999983
2021-08-01	LM_ELE_ADR_B04	253045.059999999998
2021-08-01	LM_ELE_ADR_B05	209713.359999999986
2021-08-01	LM_ELE_ADR_B09	256001.170000000013
2021-08-01	LM_ELE_ADR_B01	0
2021-08-01	LM_ELE_ADR_B10	25476.2999999999993
2021-08-01	LM_ELE_ADR_B02	0
2021-08-01	LM_LC_ADR_B18	14.4700000000000006
2021-08-01	LM_LC_ADR_B20	58.1400000000000006
2021-08-01	LM_LC_ADR_B22	30.379999999999999
2021-08-01	LM_LC_ADR_B24	10
2021-08-01	LM_LC_ADR_B31	350.100000000000023
2021-08-01	LM_LC_ADR_B41	383
2021-08-01	LM_LC_ADR_B43	5.79999999999999982
2021-08-01	LM_LH_ADR_B23	55.7999999999999972
2021-08-01	LM_LH_ADR_B25	38.6000000000000014
2021-08-01	LM_LH_ADR_B27	99.2999999999999972
2021-08-01	LM_LH_ADR_B35	0
2021-08-01	LM_LH_ADR_B36	0
2021-08-01	LM_LH_ADR_B38	69.2000000000000028
2021-08-01	LM_LH_ADR_B44	3.5
2021-08-01	LM_WOD_ADR_B76	1736.03999999999996
2021-08-01	LM_WOD_ADR_B77	8.71000000000000085
2021-08-01	LM_LC_ADR_B16	32.4500000000000028
2021-08-01	LM_LH_ADR_B17	42.6000000000000014
2021-08-01	LM_WOD_ADR_B79	333.79000000000002
2021-08-01	LM_ELE_ADR_B12	14472.5100000000002
2021-08-01	LM_ELE_ADR_B13	13666.5499999999993
2021-08-01	LM_LC_ADR_B46	45.0700000000000003
2021-08-01	LM_LC_ADR193	0
2021-08-01	LM_ELE_ADR125	4221.80000000000018
2021-08-01	LM_ELE_ADR069	248273
2021-08-01	LM_ELE_ADR075	80
2021-09-01	LM_LC_ADR170	49.2199999999999989
2021-09-01	LM_LC_ADR172	90.230000000000004
2021-09-01	LM_LC_ADR179	70.5999999999999943
2021-09-01	LM_ELE_ADR021	202861.76999999999
2021-09-01	LM_ELE_ADR078	39808
2021-09-01	LM_ELE_ADR066	0
2021-09-01	LM_ELE_ADR080	152355.839999999997
2021-09-01	LM_LH_ADR199	132.900000000000006
2021-09-01	LM_ELE_ADR115	22000.9599999999991
2021-09-01	LM_WOD_ADR249_Solution Space	77.0799999999999983
2021-09-01	LM_WOD_MAIN_W	0
2021-09-01	LM_LC_ADR123	378
2021-09-01	LM_LC_ADR151	26063
2021-09-01	LM_LC_ADR153	9242
2021-09-01	LM_LC_ADR154	2117
2021-09-01	LM_LC_ADR155	5653
2021-09-01	LM_LC_ADR157	912.399999999999977
2021-09-01	LM_LC_ADR158	284
2021-09-01	LM_LC_ADR162	658.799999999999955
2021-09-01	LM_LC_ADR168	70.7000000000000028
2021-09-01	LM_LC_ADR173	80.0900000000000034
2021-09-01	LM_LC_ADR174	138.75
2021-09-01	LM_LC_ADR175	0
2021-09-01	LM_LC_ADR176	84.7000000000000028
2021-09-01	LM_LC_ADR178	96.6899999999999977
2021-09-01	LM_LC_ADR184	38.9600000000000009
2021-09-01	LM_LC_ADR186	15.5399999999999991
2021-09-01	LM_LC_ADR187	29.0399999999999991
2021-09-01	LM_LC_ADR209	84.6800000000000068
2021-09-01	LM_LC_ADR32	0
2021-09-01	LM_LC_ADR82	0
2021-09-01	LM_LH_ADR122	12.1999999999999993
2021-09-01	LM_LH_ADR189	53.7199999999999989
2021-09-01	LM_LH_ADR195	402.300000000000011
2021-09-01	LM_LH_ADR196	9
2021-09-01	LM_LH_ADR198	1092.29999999999995
2021-09-01	LM_LH_ADR200	43.5
2021-09-01	LM_LH_ADR203	210.199999999999989
2021-09-01	LM_LH_ADR204	90.0999999999999943
2021-09-01	LM_LH_ADR208	265.100000000000023
2021-09-01	LM_LH_ADR211	24.1000000000000014
2021-09-01	LM_LH_ADR212	125.200000000000003
2021-09-01	LM_LH_ADR216	30.0899999999999999
2021-09-01	LM_LH_ADR218	360.600000000000023
2021-09-01	LM_LH_ADR221	263.5
2021-09-01	LM_LH_ADR222	0
2021-09-01	LM_LH_ADR227	40
2021-09-01	LM_LH_ADR229	84.8100000000000023
2021-09-01	LM_LH_ADR231	0
2021-09-01	LM_LH_ADR234	0
2021-09-01	LM_LH_ADR235	84.0999999999999943
2021-09-01	LM_LH_ADR33	0
2021-09-01	LM_ELE_ADR008	80200.3800000000047
2021-09-01	LM_ELE_ADR012	61981.3199999999997
2021-09-01	LM_ELE_ADR017	10980.8099999999995
2021-09-01	LM_ELE_ADR019	2439.5300000000002
2021-09-01	LM_ELE_ADR024	110566.529999999999
2021-09-01	LM_ELE_ADR027	33968.5199999999968
2021-09-01	LM_LC_ADR163	26.4499999999999993
2021-09-01	LM_LC_ADR164	0.0200000000000000004
2021-09-01	LM_LH_ADR201	72.7999999999999972
2021-09-01	LM_ELE_ADR029	9979.25
2021-09-01	LM_ELE_ADR031	148047.170000000013
2021-09-01	LM_ELE_ADR038	273782.659999999974
2021-09-01	LM_ELE_ADR041	57700.8799999999974
2021-09-01	LM_ELE_ADR045	5196.68000000000029
2021-09-01	LM_ELE_ADR047	4670.90999999999985
2021-09-01	LM_ELE_ADR049	13137.2900000000009
2021-09-01	LM_ELE_ADR052	9802.20000000000073
2021-09-01	LM_ELE_ADR054	27444.630000000001
2021-09-01	LM_ELE_ADR057	5416.5
2021-09-01	LM_ELE_ADR059	20294.8400000000001
2021-09-01	LM_ELE_ADR060	0
2021-09-01	LM_ELE_ADR061	0
2021-09-01	LM_ELE_ADR062	17338
2021-09-01	LM_ELE_ADR065	0
2021-09-01	LM_ELE_ADR067	126
2021-09-01	LM_ELE_ADR068	554
2021-09-01	LM_ELE_ADR070	80
2021-09-01	LM_ELE_ADR071	66971
2021-09-01	LM_ELE_ADR073	80
2021-09-01	LM_ELE_ADR077	1063
2021-09-01	LM_ELE_ADR084	49669.8199999999997
2021-09-01	LM_ELE_ADR086	11612.1200000000008
2021-09-01	LM_ELE_ADR088	32222.8400000000001
2021-09-01	LM_ELE_ADR094	1432.65000000000009
2021-09-01	LM_ELE_ADR095	86779.0899999999965
2021-09-01	LM_ELE_ADR097	24151.3199999999997
2021-09-01	LM_ELE_ADR098	3108.80999999999995
2021-09-01	LM_ELE_ADR099	60490.8300000000017
2021-09-01	LM_ELE_ADR100	13787.1200000000008
2021-09-01	LM_ELE_ADR101	6408.36999999999989
2021-09-01	LM_ELE_ADR111	362.230000000000018
2021-09-01	LM_ELE_ADR116	11303.9599999999991
2021-09-01	LM_ELE_ADR118	18628.8899999999994
2021-09-01	LM_ELE_ADR119	65852.0200000000041
2021-09-01	LM_ELE_ADR120	72716.6699999999983
2021-09-01	LM_WOD_ADR129	95.5300000000000011
2021-09-01	LM_WOD_ADR140	120.620000000000005
2021-09-01	LM_WOD_ADR147	52.8699999999999974
2021-09-01	LM_WOD_ADR246_Solution Space	436.829999999999984
2021-09-01	LM_WOD_ADR248_Solution Space	32.9699999999999989
2021-09-01	LM_ELE_ADR_B03	114001.119999999995
2021-09-01	LM_ELE_ADR_B07	89911.1699999999983
2021-09-01	LM_ELE_ADR_B08	134226.339999999997
2021-09-01	LM_LC_ADR_B26	105.069999999999993
2021-09-01	LM_LC_ADR_B30	343.699999999999989
2021-09-01	LM_LC_ADR_B32	767.200000000000045
2021-09-01	LM_LC_ADR_B33	652.299999999999955
2021-09-01	LM_LH_ADR_B19	73.7999999999999972
2021-09-01	LM_LH_ADR_B21	161.099999999999994
2021-09-01	LM_LH_ADR_B34	0
2021-09-01	LM_LH_ADR_B37	0.400000000000000022
2021-09-01	LM_LH_ADR_B39	93.9000000000000057
2021-09-01	LM_LH_ADR_B40	155.400000000000006
2021-09-01	LM_LH_ADR_B42	0
2021-09-01	LM_WOD_ADR_B78	176.419999999999987
2021-09-01	LM_LC_ADR102	41.3699999999999974
2021-09-01	LM_LC_ADR103	45.4299999999999997
2021-09-01	LM_LC_ADR104	55.5700000000000003
2021-09-01	LM_LC_ADR152	4244.10000000000036
2021-09-01	LM_LC_ADR149	0.910000000000000031
2021-09-01	LM_LC_ADR156	2765.69999999999982
2021-09-01	LM_LC_ADR171	239.199999999999989
2021-09-01	LM_LC_ADR165	36.3200000000000003
2021-09-01	LM_LC_ADR166	29.3000000000000007
2021-09-01	LM_LC_ADR180	124.439999999999998
2021-09-01	LM_LC_ADR181	0.100000000000000006
2021-09-01	LM_LC_ADR182	73.3599999999999994
2021-09-01	LM_LC_ADR183	1.41999999999999993
2021-09-01	LM_LC_ADR185	16.129999999999999
2021-09-01	LM_LC_ADR161	1207.90000000000009
2021-09-01	LM_LC_ADR224	125.260000000000005
2021-09-01	LM_LC_ADR89	26.4499999999999993
2021-09-01	LM_LC_ADR93	25.9499999999999993
2021-09-01	LM_LH_ADR145	9.80000000000000071
2021-09-01	LM_LH_ADR188	32.1799999999999997
2021-09-01	LM_LH_ADR190	7.79000000000000004
2021-09-01	LM_LH_ADR191	18.8000000000000007
2021-09-01	LM_LH_ADR192	0
2021-09-01	LM_LH_ADR194	771
2021-09-01	LM_LH_ADR207	387.699999999999989
2021-09-01	LM_LH_ADR197	1202.5
2021-09-01	LM_LH_ADR215	0
2021-09-01	LM_LH_ADR219	0.0299999999999999989
2021-09-01	LM_LH_ADR220	71.980000000000004
2021-09-01	LM_LH_ADR223	169.599999999999994
2021-09-01	LM_LH_ADR225	62.6000000000000014
2021-09-01	LM_LH_ADR226	51.4200000000000017
2021-09-01	LM_LH_ADR217	470
2021-09-01	LM_LH_ADR228	26.8000000000000007
2021-09-01	LM_LH_ADR232	49.3999999999999986
2021-09-01	LM_LH_ADR233	44.6000000000000014
2021-09-01	LM_LH_ADR230	1.5
2021-09-01	LM_ELE_ADR114	27.8099999999999987
2021-09-01	LM_ELE_ADR117	21109.1100000000006
2021-09-01	LM_WOD_ADR132	272.879999999999995
2021-09-01	LM_WOD_ADR133	327.269999999999982
2021-09-01	LM_WOD_ADR134	18.2699999999999996
2021-09-01	LM_WOD_ADR135	0
2021-09-01	LM_WOD_ADR136	63.5
2021-09-01	LM_WOD_ADR139	1190.77999999999997
2021-09-01	LM_WOD_ADR141	17
2021-09-01	LM_WOD_ADR142	36
2021-09-01	LM_WOD_ADR143	461.95999999999998
2021-09-01	LM_WOD_ADR146	26660.2000000000007
2021-09-01	LM_WOD_ADR148	0.0500000000000000028
2021-09-01	LM_WOD_ADR150	34.8699999999999974
2021-09-01	LM_WOD_ADR237	921.960000000000036
2021-09-01	LM_WOD_ADR238	2211.65999999999985
2021-09-01	LM_WOD_ADR239	27.7199999999999989
2021-09-01	LM_WOD_ADR240	99.9200000000000017
2021-09-01	LM_WOD_ADR241	942.090000000000032
2021-09-01	LM_ELE_ADR121	159197.109999999986
2021-09-01	LM_ELE_ADR128	0
2021-09-01	LM_WOD_ADR247_Solution Space	403.629999999999995
2021-09-01	LM_WOD_ADR250_Solution Space	150.710000000000008
2021-09-01	LM_WOD_ADR30	0
2021-09-01	LM_ELE_ADR001	60136.4700000000012
2021-09-01	LM_ELE_ADR002	79330.1499999999942
2021-09-01	LM_ELE_ADR003	95754.9499999999971
2021-09-01	LM_ELE_ADR006	67984.5200000000041
2021-09-01	LM_ELE_ADR007	115028.410000000003
2021-09-01	LM_ELE_ADR009	155515.970000000001
2021-09-01	LM_ELE_ADR011	153288.190000000002
2021-09-01	LM_ELE_ADR013	192436.98000000001
2021-09-01	LM_ELE_ADR014	12320.3400000000001
2021-09-01	LM_ELE_ADR015	113091.75
2021-09-01	LM_ELE_ADR016	864589.630000000005
2021-09-01	LM_ELE_ADR018	11572.2800000000007
2021-09-01	LM_ELE_ADR020	120383.419999999998
2021-09-01	LM_ELE_ADR022	118320.970000000001
2021-09-01	LM_ELE_ADR023	26475.5099999999984
2021-09-01	LM_ELE_ADR025	356782.559999999998
2021-09-01	LM_ELE_ADR028	17203.9700000000012
2021-09-01	LM_ELE_ADR034	21184.1599999999999
2021-09-01	LM_ELE_ADR036	78816.0800000000017
2021-09-01	LM_ELE_ADR039	284463.219999999972
2021-09-01	LM_ELE_ADR040	29531
2021-09-01	LM_ELE_ADR042	3086.23999999999978
2021-09-01	LM_ELE_ADR044	6083.53999999999996
2021-09-01	LM_ELE_ADR048	6389.78999999999996
2021-09-01	LM_ELE_ADR051	6086.89000000000033
2021-09-01	LM_ELE_ADR053	17451.1599999999999
2021-09-01	LM_ELE_ADR055	5007.90999999999985
2021-09-01	LM_ELE_ADR056	19470.4799999999996
2021-09-01	LM_ELE_ADR063	189
2021-09-01	LM_ELE_ADR064	0
2021-09-01	LM_ELE_ADR058	72905.4100000000035
2021-09-01	LM_ELE_ADR072	21684
2021-09-01	LM_ELE_ADR074	66971
2021-09-01	LM_ELE_ADR076	0
2021-09-01	LM_ELE_ADR081	38846.9499999999971
2021-09-01	LM_ELE_ADR085	40309.3399999999965
2021-09-01	LM_ELE_ADR090	33148.1900000000023
2021-09-01	LM_ELE_ADR107	67646.1300000000047
2021-09-01	LM_ELE_ADR108	6060.86999999999989
2021-09-01	LM_ELE_ADR109	2011.73000000000002
2021-09-01	LM_ELE_ADR110	406.220000000000027
2021-09-01	LM_ELE_ADR113	46624.0599999999977
2021-09-01	LM_ELE_ADR087	79767.3099999999977
2021-09-01	LM_LC_ADR_B45	147.189999999999998
2021-09-01	LM_LH_ADR_B46	49.3500000000000014
2021-09-01	LM_LH_ADR_B47	113
2021-09-01	LM_WOD_ADR_B74	28.4600000000000009
2021-09-01	LM_ELE_ADR_B06	402729.090000000026
2021-09-01	LM_ELE_ADR046	0
2021-09-01	LM_ELE_ADR010	102811.699999999997
2021-09-01	LM_ELE_ADR043	2456.57999999999993
2021-09-01	LM_ELE_ADR_B11	28238.5499999999993
2021-09-01	LM_WOD_ADR242	40.4600000000000009
2021-09-01	LM_ELE_ADR124	67253.3000000000029
2021-09-01	LM_ELE_ADR112	674885.689999999944
2021-09-01	LM_WOD_ADR_B75	134.009999999999991
2021-09-01	LM_ELE_ADR091	9650.80999999999949
2021-09-01	LM_WOD_ADR_B80	95.8599999999999994
2021-09-01	LM_WOD_ADR_B81	38
2021-09-01	LM_ELE_ADR_B04	262766.25
2021-09-01	LM_ELE_ADR_B05	220849.410000000003
2021-09-01	LM_ELE_ADR_B09	261323.309999999998
2021-09-01	LM_ELE_ADR_B01	0
2021-09-01	LM_ELE_ADR_B10	26075.4500000000007
2021-09-01	LM_ELE_ADR_B02	0
2021-09-01	LM_LC_ADR_B18	14.5299999999999994
2021-09-01	LM_LC_ADR_B20	58.1899999999999977
2021-09-01	LM_LC_ADR_B22	30.5599999999999987
2021-09-01	LM_LC_ADR_B24	10
2021-09-01	LM_LC_ADR_B31	350.300000000000011
2021-09-01	LM_LC_ADR_B41	383.699999999999989
2021-09-01	LM_LC_ADR_B43	6.09999999999999964
2021-09-01	LM_LH_ADR_B23	59
2021-09-01	LM_LH_ADR_B25	45
2021-09-01	LM_LH_ADR_B27	102.599999999999994
2021-09-01	LM_LH_ADR_B35	0
2021-09-01	LM_LH_ADR_B36	0
2021-09-01	LM_LH_ADR_B38	70.2999999999999972
2021-09-01	LM_LH_ADR_B44	3.79999999999999982
2021-09-01	LM_WOD_ADR_B76	1736.56999999999994
2021-09-01	LM_WOD_ADR_B77	8.75
2021-09-01	LM_LC_ADR_B16	32.4500000000000028
2021-09-01	LM_LH_ADR_B17	43.7000000000000028
2021-09-01	LM_WOD_ADR_B79	344.29000000000002
2021-09-01	LM_ELE_ADR_B12	14876.2099999999991
2021-09-01	LM_ELE_ADR_B13	14013.8600000000006
2021-09-01	LM_LC_ADR_B46	45.0700000000000003
2021-09-01	LM_LC_ADR193	0
2021-09-01	LM_ELE_ADR125	4364.85000000000036
2021-09-01	LM_ELE_ADR069	254150
2021-09-01	LM_ELE_ADR075	80
2021-10-01	LM_LC_ADR170	49.4699999999999989
2021-10-01	LM_LC_ADR172	90.3400000000000034
2021-10-01	LM_LC_ADR179	70.6299999999999955
2021-10-01	LM_ELE_ADR021	207188.98000000001
2021-10-01	LM_ELE_ADR078	41999
2021-10-01	LM_ELE_ADR066	0
2021-10-01	LM_ELE_ADR080	155066.559999999998
2021-10-01	LM_LH_ADR199	135.400000000000006
2021-10-01	LM_ELE_ADR115	22689.9000000000015
2021-10-01	LM_WOD_ADR249_Solution Space	81.1899999999999977
2021-10-01	LM_WOD_MAIN_W	0
2021-10-01	LM_LC_ADR123	391.800000000000011
2021-10-01	LM_LC_ADR151	26237.0020000000004
2021-10-01	LM_LC_ADR153	9285
2021-10-01	LM_LC_ADR154	2148.09999999999991
2021-10-01	LM_LC_ADR155	5712
2021-10-01	LM_LC_ADR157	924.5
2021-10-01	LM_LC_ADR158	287.399999999999977
2021-10-01	LM_LC_ADR162	662.700000000000045
2021-10-01	LM_LC_ADR168	73.7000000000000028
2021-10-01	LM_LC_ADR173	81.9699999999999989
2021-10-01	LM_LC_ADR174	146.610000000000014
2021-10-01	LM_LC_ADR175	0
2021-10-01	LM_LC_ADR176	84.7000000000000028
2021-10-01	LM_LC_ADR178	98.9099999999999966
2021-10-01	LM_LC_ADR184	39.1700000000000017
2021-10-01	LM_LC_ADR186	15.5399999999999991
2021-10-01	LM_LC_ADR187	29.0399999999999991
2021-10-01	LM_LC_ADR209	84.7199999999999989
2021-10-01	LM_LC_ADR32	0
2021-10-01	LM_LC_ADR82	0.770000000000000018
2021-10-01	LM_LH_ADR122	13.3000000000000007
2021-10-01	LM_LH_ADR189	55.4200000000000017
2021-10-01	LM_LH_ADR195	408.399999999999977
2021-10-01	LM_LH_ADR196	9
2021-10-01	LM_LH_ADR198	1122
2021-10-01	LM_LH_ADR200	44.3999999999999986
2021-10-01	LM_LH_ADR203	212.699999999999989
2021-10-01	LM_LH_ADR204	92.5
2021-10-01	LM_LH_ADR208	271.800000000000011
2021-10-01	LM_LH_ADR211	26.1999999999999993
2021-10-01	LM_LH_ADR212	134.800000000000011
2021-10-01	LM_LH_ADR216	30.0899999999999999
2021-10-01	LM_LH_ADR218	372.5
2021-10-01	LM_LH_ADR221	279.699999999999989
2021-10-01	LM_LH_ADR222	0
2021-10-01	LM_LH_ADR227	40.8999999999999986
2021-10-01	LM_LH_ADR229	84.8100000000000023
2021-10-01	LM_LH_ADR231	0
2021-10-01	LM_LH_ADR234	0
2021-10-01	LM_LH_ADR235	84.4000000000000057
2021-10-01	LM_LH_ADR33	0
2021-10-01	LM_ELE_ADR008	82018.4799999999959
2021-10-01	LM_ELE_ADR012	63353
2021-10-01	LM_ELE_ADR017	11189.9500000000007
2021-10-01	LM_ELE_ADR019	2439.5300000000002
2021-10-01	LM_ELE_ADR024	112330.979999999996
2021-10-01	LM_ELE_ADR027	34233.5400000000009
2021-10-01	LM_LC_ADR163	26.4600000000000009
2021-10-01	LM_LC_ADR164	0.0200000000000000004
2021-10-01	LM_LH_ADR201	80.4000000000000057
2021-10-01	LM_ELE_ADR029	10393.1399999999994
2021-10-01	LM_ELE_ADR031	155303.339999999997
2021-10-01	LM_ELE_ADR038	282444.969999999972
2021-10-01	LM_ELE_ADR041	58626.1800000000003
2021-10-01	LM_ELE_ADR045	5304.21000000000004
2021-10-01	LM_ELE_ADR047	4774.65999999999985
2021-10-01	LM_ELE_ADR049	13358.75
2021-10-01	LM_ELE_ADR052	9973.67000000000007
2021-10-01	LM_ELE_ADR054	27897.9599999999991
2021-10-01	LM_ELE_ADR057	5513.07999999999993
2021-10-01	LM_ELE_ADR059	20733.9399999999987
2021-10-01	LM_ELE_ADR060	0
2021-10-01	LM_ELE_ADR061	0
2021-10-01	LM_ELE_ADR062	17897
2021-10-01	LM_ELE_ADR065	0
2021-10-01	LM_ELE_ADR067	127
2021-10-01	LM_ELE_ADR068	691
2021-10-01	LM_ELE_ADR070	88
2021-10-01	LM_ELE_ADR071	68685
2021-10-01	LM_ELE_ADR073	88
2021-10-01	LM_ELE_ADR077	1063
2021-10-01	LM_ELE_ADR084	50500.2200000000012
2021-10-01	LM_ELE_ADR086	11968.0300000000007
2021-10-01	LM_ELE_ADR088	33125.7699999999968
2021-10-01	LM_ELE_ADR094	1436.8900000000001
2021-10-01	LM_ELE_ADR095	88822.0299999999988
2021-10-01	LM_ELE_ADR097	25116.9099999999999
2021-10-01	LM_ELE_ADR098	3118.36000000000013
2021-10-01	LM_ELE_ADR099	63245.6600000000035
2021-10-01	LM_ELE_ADR100	14378.3899999999994
2021-10-01	LM_ELE_ADR101	6596.67000000000007
2021-10-01	LM_ELE_ADR111	362.449999999999989
2021-10-01	LM_ELE_ADR116	12475.4899999999998
2021-10-01	LM_ELE_ADR118	18737.5600000000013
2021-10-01	LM_ELE_ADR119	67089.5899999999965
2021-10-01	LM_ELE_ADR120	72774.929999999993
2021-10-01	LM_WOD_ADR129	99.269999999999996
2021-10-01	LM_WOD_ADR140	120.870000000000005
2021-10-01	LM_WOD_ADR147	53.8800000000000026
2021-10-01	LM_WOD_ADR246_Solution Space	456.019999999999982
2021-10-01	LM_WOD_ADR248_Solution Space	34.7299999999999969
2021-10-01	LM_ELE_ADR_B03	116011.190000000002
2021-10-01	LM_ELE_ADR_B07	91297.0800000000017
2021-10-01	LM_ELE_ADR_B08	136360.48000000001
2021-10-01	LM_LC_ADR_B26	106.140000000000001
2021-10-01	LM_LC_ADR_B30	348
2021-10-01	LM_LC_ADR_B32	773.299999999999955
2021-10-01	LM_LC_ADR_B33	658.899999999999977
2021-10-01	LM_LH_ADR_B19	77
2021-10-01	LM_LH_ADR_B21	165.900000000000006
2021-10-01	LM_LH_ADR_B34	0
2021-10-01	LM_LH_ADR_B37	0.400000000000000022
2021-10-01	LM_LH_ADR_B39	94.9000000000000057
2021-10-01	LM_LH_ADR_B40	158.099999999999994
2021-10-01	LM_LH_ADR_B42	0
2021-10-01	LM_WOD_ADR_B78	177.620000000000005
2021-10-01	LM_LC_ADR102	42.1499999999999986
2021-10-01	LM_LC_ADR103	46.2199999999999989
2021-10-01	LM_LC_ADR104	56.9600000000000009
2021-10-01	LM_LC_ADR152	4267.89999999999964
2021-10-01	LM_LC_ADR149	0.910000000000000031
2021-10-01	LM_LC_ADR156	2796.90000000000009
2021-10-01	LM_LC_ADR171	239.539999999999992
2021-10-01	LM_LC_ADR165	37.1400000000000006
2021-10-01	LM_LC_ADR166	29.879999999999999
2021-10-01	LM_LC_ADR180	125.390000000000001
2021-10-01	LM_LC_ADR181	0.100000000000000006
2021-10-01	LM_LC_ADR182	73.6700000000000017
2021-10-01	LM_LC_ADR183	1.41999999999999993
2021-10-01	LM_LC_ADR185	16.129999999999999
2021-10-01	LM_LC_ADR161	1221
2021-10-01	LM_LC_ADR224	127.769999999999996
2021-10-01	LM_LC_ADR89	27.129999999999999
2021-10-01	LM_LC_ADR93	26.629999999999999
2021-10-01	LM_LH_ADR145	9.80000000000000071
2021-10-01	LM_LH_ADR188	32.1799999999999997
2021-10-01	LM_LH_ADR190	7.79000000000000004
2021-10-01	LM_LH_ADR191	18.8000000000000007
2021-10-01	LM_LH_ADR192	0
2021-10-01	LM_LH_ADR194	780
2021-10-01	LM_LH_ADR207	390.100000000000023
2021-10-01	LM_LH_ADR197	1220.29999999999995
2021-10-01	LM_LH_ADR215	0
2021-10-01	LM_LH_ADR219	0.0299999999999999989
2021-10-01	LM_LH_ADR220	71.980000000000004
2021-10-01	LM_LH_ADR223	176.599999999999994
2021-10-01	LM_LH_ADR225	65.7999999999999972
2021-10-01	LM_LH_ADR226	52.6799999999999997
2021-10-01	LM_LH_ADR217	478.100000000000023
2021-10-01	LM_LH_ADR228	26.8000000000000007
2021-10-01	LM_LH_ADR232	50.7299999999999969
2021-10-01	LM_LH_ADR233	45
2021-10-01	LM_LH_ADR230	1.60000000000000009
2021-10-01	LM_ELE_ADR114	234686.390000000014
2021-10-01	LM_ELE_ADR117	21530.5
2021-10-01	LM_WOD_ADR132	278.819999999999993
2021-10-01	LM_WOD_ADR133	330.899999999999977
2021-10-01	LM_WOD_ADR134	18.3200000000000003
2021-10-01	LM_WOD_ADR135	0
2021-10-01	LM_WOD_ADR136	64.4200000000000017
2021-10-01	LM_WOD_ADR139	1229.00999999999999
2021-10-01	LM_WOD_ADR141	17
2021-10-01	LM_WOD_ADR142	36
2021-10-01	LM_WOD_ADR143	536.379999999999995
2021-10-01	LM_WOD_ADR146	27358.2000000000007
2021-10-01	LM_WOD_ADR148	0.0500000000000000028
2021-10-01	LM_WOD_ADR150	35.8999999999999986
2021-10-01	LM_WOD_ADR237	922.440000000000055
2021-10-01	LM_WOD_ADR238	2212.19999999999982
2021-10-01	LM_WOD_ADR239	28.4100000000000001
2021-10-01	LM_WOD_ADR240	104.379999999999995
2021-10-01	LM_WOD_ADR241	966.509999999999991
2021-10-01	LM_ELE_ADR121	159337.589999999997
2021-10-01	LM_ELE_ADR128	0
2021-10-01	LM_WOD_ADR247_Solution Space	432.410000000000025
2021-10-01	LM_WOD_ADR250_Solution Space	158.949999999999989
2021-10-01	LM_WOD_ADR30	0
2021-10-01	LM_ELE_ADR001	61353.5800000000017
2021-10-01	LM_ELE_ADR002	80798.0899999999965
2021-10-01	LM_ELE_ADR003	97450.3399999999965
2021-10-01	LM_ELE_ADR006	69242.6399999999994
2021-10-01	LM_ELE_ADR007	116377.610000000001
2021-10-01	LM_ELE_ADR009	156773.48000000001
2021-10-01	LM_ELE_ADR011	154770.299999999988
2021-10-01	LM_ELE_ADR013	194130.380000000005
2021-10-01	LM_ELE_ADR014	12619.0599999999995
2021-10-01	LM_ELE_ADR015	115660.300000000003
2021-10-01	LM_ELE_ADR016	878135.439999999944
2021-10-01	LM_ELE_ADR018	11797.6900000000005
2021-10-01	LM_ELE_ADR020	122399.729999999996
2021-10-01	LM_ELE_ADR022	121126.850000000006
2021-10-01	LM_ELE_ADR023	27435.619999999999
2021-10-01	LM_ELE_ADR025	368265.219999999972
2021-10-01	LM_ELE_ADR028	17225
2021-10-01	LM_ELE_ADR034	22241.619999999999
2021-10-01	LM_ELE_ADR036	80053
2021-10-01	LM_ELE_ADR039	291323.940000000002
2021-10-01	LM_ELE_ADR040	29531
2021-10-01	LM_ELE_ADR042	3145.55000000000018
2021-10-01	LM_ELE_ADR044	6182.72999999999956
2021-10-01	LM_ELE_ADR048	6495.32999999999993
2021-10-01	LM_ELE_ADR051	6186.86999999999989
2021-10-01	LM_ELE_ADR053	17518.6100000000006
2021-10-01	LM_ELE_ADR055	5096.30000000000018
2021-10-01	LM_ELE_ADR056	19810.5800000000017
2021-10-01	LM_ELE_ADR063	189
2021-10-01	LM_ELE_ADR064	0
2021-10-01	LM_ELE_ADR058	74235.7400000000052
2021-10-01	LM_ELE_ADR072	22363
2021-10-01	LM_ELE_ADR074	68685
2021-10-01	LM_ELE_ADR076	0
2021-10-01	LM_ELE_ADR081	40065.1399999999994
2021-10-01	LM_ELE_ADR085	42413.9499999999971
2021-10-01	LM_ELE_ADR090	33862.2099999999991
2021-10-01	LM_ELE_ADR107	69925.5399999999936
2021-10-01	LM_ELE_ADR108	6121.07999999999993
2021-10-01	LM_ELE_ADR109	2012.8900000000001
2021-10-01	LM_ELE_ADR110	406.220000000000027
2021-10-01	LM_ELE_ADR113	47648.3700000000026
2021-10-01	LM_ELE_ADR087	81020.8399999999965
2021-10-01	LM_LC_ADR_B45	149.219999999999999
2021-10-01	LM_LH_ADR_B46	49.3500000000000014
2021-10-01	LM_LH_ADR_B47	115.5
2021-10-01	LM_WOD_ADR_B74	29.6799999999999997
2021-10-01	LM_ELE_ADR_B06	407569
2021-10-01	LM_ELE_ADR046	0
2021-10-01	LM_ELE_ADR010	105187.399999999994
2021-10-01	LM_ELE_ADR043	2504.09999999999991
2021-10-01	LM_ELE_ADR_B11	28783.630000000001
2021-10-01	LM_WOD_ADR242	41.4799999999999969
2021-10-01	LM_ELE_ADR124	72250.1600000000035
2021-10-01	LM_ELE_ADR112	683710.060000000056
2021-10-01	LM_WOD_ADR_B75	141.490000000000009
2021-10-01	LM_ELE_ADR091	9985.06999999999971
2021-10-01	LM_WOD_ADR_B80	101.040000000000006
2021-10-01	LM_WOD_ADR_B81	38.9399999999999977
2021-10-01	LM_ELE_ADR_B04	269433.630000000005
2021-10-01	LM_ELE_ADR_B05	230654.339999999997
2021-10-01	LM_ELE_ADR_B09	266403.130000000005
2021-10-01	LM_ELE_ADR_B01	0
2021-10-01	LM_ELE_ADR_B10	26616.4500000000007
2021-10-01	LM_ELE_ADR_B02	0
2021-10-01	LM_LC_ADR_B18	14.7100000000000009
2021-10-01	LM_LC_ADR_B20	58.3699999999999974
2021-10-01	LM_LC_ADR_B22	30.8999999999999986
2021-10-01	LM_LC_ADR_B24	10.0199999999999996
2021-10-01	LM_LC_ADR_B31	352.600000000000023
2021-10-01	LM_LC_ADR_B41	387
2021-10-01	LM_LC_ADR_B43	6.29999999999999982
2021-10-01	LM_LH_ADR_B23	62.5
2021-10-01	LM_LH_ADR_B25	48
2021-10-01	LM_LH_ADR_B27	108.799999999999997
2021-10-01	LM_LH_ADR_B35	0
2021-10-01	LM_LH_ADR_B36	0
2021-10-01	LM_LH_ADR_B38	71.2999999999999972
2021-10-01	LM_LH_ADR_B44	4.09999999999999964
2021-10-01	LM_WOD_ADR_B76	1736.56999999999994
2021-10-01	LM_WOD_ADR_B77	8.8100000000000005
2021-10-01	LM_LC_ADR_B16	32.4500000000000028
2021-10-01	LM_LH_ADR_B17	46
2021-10-01	LM_WOD_ADR_B79	360.110000000000014
2021-10-01	LM_ELE_ADR_B12	15296.3199999999997
2021-10-01	LM_ELE_ADR_B13	14309.25
2021-10-01	LM_LC_ADR_B46	45.0700000000000003
2021-10-01	LM_LC_ADR193	0
2021-10-01	LM_ELE_ADR125	4493.1899999999996
2021-10-01	LM_ELE_ADR069	259359
2021-10-01	LM_ELE_ADR075	88
2022-02-01	LM_ELE_ADR021	251549.01999999999
2022-02-01	LM_ELE_ADR078	51470
2022-02-01	LM_ELE_ADR066	0
2022-02-01	LM_LH_ADR199	143.599999999999994
2022-02-01	LM_ELE_ADR115	24653.3100000000013
2022-02-01	LM_WOD_ADR249_Solution Space	97.4000000000000057
2022-02-01	LM_LC_ADR172	119.109999999999999
2022-02-01	LM_LC_ADR179	84.0300000000000011
2022-02-01	LM_LC_ADR151	29352
2022-02-01	LM_LC_ADR153	10127.9989999999998
2022-02-01	LM_LC_ADR154	2484.30000000000018
2022-02-01	LM_LC_ADR157	1048.09999999999991
2022-02-01	LM_LC_ADR158	339.699999999999989
2022-02-01	LM_LC_ADR162	756.600000000000023
2022-02-01	LM_LC_ADR168	104.700000000000003
2022-02-01	LM_LC_ADR173	96.8199999999999932
2022-02-01	LM_LC_ADR174	185.110000000000014
2022-02-01	LM_LC_ADR175	0
2022-02-01	LM_LC_ADR176	84.7000000000000028
2022-02-01	LM_LC_ADR178	123.980000000000004
2022-02-01	LM_LC_ADR184	42.2100000000000009
2022-02-01	LM_LC_ADR186	19.2300000000000004
2022-02-01	LM_LC_ADR187	32.6899999999999977
2022-02-01	LM_LC_ADR209	93.9099999999999966
2022-02-01	LM_LC_ADR32	0
2022-02-01	LM_LC_ADR82	17.7300000000000004
2022-02-01	LM_LH_ADR189	59.8900000000000006
2022-02-01	LM_LH_ADR195	421.199999999999989
2022-02-01	LM_LH_ADR196	9
2022-02-01	LM_LH_ADR198	1202.70000000000005
2022-02-01	LM_LH_ADR200	46.2000000000000028
2022-02-01	LM_LH_ADR203	219.199999999999989
2022-02-01	LM_LH_ADR204	97
2022-02-01	LM_LH_ADR208	301.699999999999989
2022-02-01	LM_LH_ADR211	34
2022-02-01	LM_LH_ADR212	172.599999999999994
2022-02-01	LM_LH_ADR216	34.1199999999999974
2022-02-01	LM_LH_ADR218	413.199999999999989
2022-02-01	LM_LH_ADR221	320
2022-02-01	LM_LH_ADR227	41.2000000000000028
2022-02-01	LM_LH_ADR229	84.8900000000000006
2022-02-01	LM_LH_ADR231	0
2022-02-01	LM_LH_ADR234	0
2022-02-01	LM_LH_ADR235	86.5
2022-02-01	LM_LH_ADR33	0
2022-02-01	LM_ELE_ADR008	97831.6499999999942
2022-02-01	LM_ELE_ADR012	87149.570000000007
2022-02-01	LM_ELE_ADR017	12257.1100000000006
2022-02-01	LM_ELE_ADR019	3435.55999999999995
2022-02-01	LM_ELE_ADR024	121066.399999999994
2022-02-01	LM_ELE_ADR027	35402.4599999999991
2022-02-01	LM_LC_ADR163	29.0899999999999999
2022-02-01	LM_LC_ADR164	0.0200000000000000004
2022-02-01	LM_ELE_ADR029	12371.3400000000001
2022-02-01	LM_ELE_ADR031	181418.470000000001
2022-02-01	LM_ELE_ADR038	334335
2022-02-01	LM_ELE_ADR041	64496.9100000000035
2022-02-01	LM_ELE_ADR045	5726.02999999999975
2022-02-01	LM_ELE_ADR047	5176.02000000000044
2022-02-01	LM_ELE_ADR049	14222.8099999999995
2022-02-01	LM_ELE_ADR052	10706.1100000000006
2022-02-01	LM_ELE_ADR054	29812.869999999999
2022-02-01	LM_ELE_ADR057	5904.71000000000004
2022-02-01	LM_ELE_ADR059	22648.1899999999987
2022-02-01	LM_ELE_ADR060	0
2022-02-01	LM_ELE_ADR061	0
2022-02-01	LM_ELE_ADR062	20565
2022-02-01	LM_ELE_ADR067	263
2022-02-01	LM_ELE_ADR068	4985
2022-02-01	LM_ELE_ADR070	88
2022-02-01	LM_ELE_ADR071	75233
2022-02-01	LM_ELE_ADR073	88
2022-02-01	LM_ELE_ADR077	1063
2022-02-01	LM_ELE_ADR084	53847.2699999999968
2022-02-01	LM_ELE_ADR086	13821.6000000000004
2022-02-01	LM_ELE_ADR088	36948.6999999999971
2022-02-01	LM_ELE_ADR094	1462.51999999999998
2022-02-01	LM_ELE_ADR095	97442.0399999999936
2022-02-01	LM_ELE_ADR097	29310.5299999999988
2022-02-01	LM_ELE_ADR098	3400.38000000000011
2022-02-01	LM_ELE_ADR099	76247.5500000000029
2022-02-01	LM_ELE_ADR101	7398.10000000000036
2022-02-01	LM_ELE_ADR111	362.569999999999993
2022-02-01	LM_ELE_ADR116	15037.6499999999996
2022-02-01	LM_ELE_ADR118	20349.7400000000016
2022-02-01	LM_ELE_ADR119	72391.6300000000047
2022-02-01	LM_ELE_ADR120	81033.6900000000023
2022-02-01	LM_WOD_ADR129	112.400000000000006
2022-02-01	LM_WOD_ADR140	122.180000000000007
2022-02-01	LM_WOD_ADR147	58.490000000000002
2022-02-01	LM_WOD_ADR246_Solution Space	516.549999999999955
2022-02-01	LM_ELE_ADR_B03	124573.649999999994
2022-02-01	LM_ELE_ADR_B07	98367.929999999993
2022-02-01	LM_ELE_ADR_B08	146734.160000000003
2022-02-01	LM_LC_ADR_B26	145.930000000000007
2022-02-01	LM_LC_ADR_B30	411.399999999999977
2022-02-01	LM_LC_ADR_B32	913.5
2022-02-01	LM_LC_ADR_B33	815.600000000000023
2022-02-01	LM_LH_ADR_B19	100.400000000000006
2022-02-01	LM_LH_ADR_B21	194.800000000000011
2022-02-01	LM_LH_ADR_B34	0
2022-02-01	LM_LH_ADR_B37	0.400000000000000022
2022-02-01	LM_LH_ADR_B39	95.9000000000000057
2022-02-01	LM_LH_ADR_B40	161.099999999999994
2022-02-01	LM_LH_ADR_B42	0
2022-02-01	LM_WOD_ADR_B78	185.419999999999987
2022-02-01	LM_LC_ADR102	49.7999999999999972
2022-02-01	LM_LC_ADR103	54.8999999999999986
2022-02-01	LM_LC_ADR104	72.3799999999999955
2022-02-01	LM_LC_ADR152	4794.19999999999982
2022-02-01	LM_LC_ADR149	0.910000000000000031
2022-02-01	LM_LC_ADR156	3338.09999999999991
2022-02-01	LM_LC_ADR171	292.379999999999995
2022-02-01	LM_LC_ADR166	35.9699999999999989
2022-02-01	LM_LC_ADR180	140.150000000000006
2022-02-01	LM_LC_ADR181	0.100000000000000006
2022-02-01	LM_LC_ADR182	86.4200000000000017
2022-02-01	LM_LC_ADR183	1.41999999999999993
2022-02-01	LM_LC_ADR185	18.9400000000000013
2022-02-01	LM_LC_ADR161	1382.20000000000005
2022-02-01	LM_LC_ADR224	154.870000000000005
2022-02-01	LM_LC_ADR89	34.4799999999999969
2022-02-01	LM_LC_ADR93	33.990000000000002
2022-02-01	LM_LH_ADR145	10.0700000000000003
2022-02-01	LM_LH_ADR188	32.1799999999999997
2022-02-01	LM_LH_ADR190	7.88999999999999968
2022-02-01	LM_LH_ADR191	18.8000000000000007
2022-02-01	LM_LH_ADR194	0
2022-02-01	LM_LH_ADR207	404
2022-02-01	LM_LH_ADR197	1255
2022-02-01	LM_LH_ADR215	0
2022-02-01	LM_LH_ADR219	0.0299999999999999989
2022-02-01	LM_LH_ADR220	112.200000000000003
2022-02-01	LM_LC_ADR123	495.800000000000011
2022-02-01	LM_LH_ADR226	74.2600000000000051
2022-02-01	LM_LH_ADR217	500.600000000000023
2022-02-01	LM_LH_ADR228	28.8000000000000007
2022-02-01	LM_LH_ADR232	56.0799999999999983
2022-02-01	LM_LH_ADR233	45.1000000000000014
2022-02-01	LM_LH_ADR230	1.69999999999999996
2022-02-01	LM_ELE_ADR114	27.8099999999999987
2022-02-01	LM_ELE_ADR117	22575.1899999999987
2022-02-01	LM_WOD_ADR132	295.060000000000002
2022-02-01	LM_WOD_ADR133	341.319999999999993
2022-02-01	LM_WOD_ADR134	18.6799999999999997
2022-02-01	LM_WOD_ADR135	0
2022-02-01	LM_WOD_ADR136	67.9500000000000028
2022-02-01	LM_WOD_ADR139	1373.72000000000003
2022-02-01	LM_WOD_ADR141	17
2022-02-01	LM_WOD_ADR142	36
2022-02-01	LM_WOD_ADR143	557.389999999999986
2022-02-01	LM_WOD_ADR146	29509.9000000000015
2022-02-01	LM_WOD_ADR150	39.759999999999998
2022-02-01	LM_WOD_ADR237	923.480000000000018
2022-02-01	LM_WOD_ADR238	2339.71000000000004
2022-02-01	LM_WOD_ADR239	32.5799999999999983
2022-02-01	LM_WOD_ADR240	123.180000000000007
2022-02-01	LM_WOD_ADR241	75.019999999999996
2022-02-01	LM_ELE_ADR121	175365.190000000002
2022-02-01	LM_ELE_ADR128	0
2022-02-01	LM_WOD_ADR247_Solution Space	529.710000000000036
2022-02-01	LM_WOD_ADR250_Solution Space	189.300000000000011
2022-02-01	LM_WOD_ADR30	0
2022-02-01	LM_ELE_ADR001	66007.0500000000029
2022-02-01	LM_ELE_ADR002	86535.9400000000023
2022-02-01	LM_ELE_ADR003	113987.089999999997
2022-02-01	LM_ELE_ADR007	132043.48000000001
2022-02-01	LM_ELE_ADR009	171144.140000000014
2022-02-01	LM_ELE_ADR011	159997.029999999999
2022-02-01	LM_ELE_ADR013	210673.160000000003
2022-02-01	LM_ELE_ADR014	13952.7600000000002
2022-02-01	LM_ELE_ADR015	126920.100000000006
2022-02-01	LM_ELE_ADR016	923599.810000000056
2022-02-01	LM_ELE_ADR018	12752.7299999999996
2022-02-01	LM_ELE_ADR020	132678.549999999988
2022-02-01	LM_ELE_ADR022	142617.029999999999
2022-02-01	LM_ELE_ADR023	31583.8100000000013
2022-02-01	LM_ELE_ADR025	472703.309999999998
2022-02-01	LM_ELE_ADR028	18901.9000000000015
2022-02-01	LM_ELE_ADR034	26667.9399999999987
2022-02-01	LM_ELE_ADR039	344429.309999999998
2022-02-01	LM_ELE_ADR040	35362.1100000000006
2022-02-01	LM_ELE_ADR042	3386.53999999999996
2022-02-01	LM_ELE_ADR044	6584.32999999999993
2022-02-01	LM_ELE_ADR048	6929.77000000000044
2022-02-01	LM_ELE_ADR051	6629.05000000000018
2022-02-01	LM_ELE_ADR053	20754.2200000000012
2022-02-01	LM_ELE_ADR055	5466.68000000000029
2022-02-01	LM_ELE_ADR056	21274.119999999999
2022-02-01	LM_ELE_ADR063	190
2022-02-01	LM_ELE_ADR064	0
2022-02-01	LM_ELE_ADR058	79819.2700000000041
2022-02-01	LM_ELE_ADR072	25104
2022-02-01	LM_ELE_ADR074	75233
2022-02-01	LM_ELE_ADR081	52698.5500000000029
2022-02-01	LM_ELE_ADR085	51580.8399999999965
2022-02-01	LM_ELE_ADR090	36665.8899999999994
2022-02-01	LM_ELE_ADR107	80298.6999999999971
2022-02-01	LM_ELE_ADR108	6415.71000000000004
2022-02-01	LM_ELE_ADR109	2014.96000000000004
2022-02-01	LM_ELE_ADR110	410.990000000000009
2022-02-01	LM_ELE_ADR113	52000.5500000000029
2022-02-01	LM_ELE_ADR087	86546.5200000000041
2022-02-01	LM_LC_ADR_B45	195.430000000000007
2022-02-01	LM_LH_ADR_B46	49.3500000000000014
2022-02-01	LM_LH_ADR_B47	116.900000000000006
2022-02-01	LM_WOD_ADR_B74	33.7199999999999989
2022-02-01	LM_ELE_ADR_B06	443934.75
2022-02-01	LM_ELE_ADR010	115438.130000000005
2022-02-01	LM_ELE_ADR043	2712.82000000000016
2022-02-01	LM_ELE_ADR_B11	31498.8600000000006
2022-02-01	LM_WOD_ADR242	42.3599999999999994
2022-02-01	LM_ELE_ADR124	94003.3000000000029
2022-02-01	LM_ELE_ADR112	712140.310000000056
2022-02-01	LM_WOD_ADR_B75	178.469999999999999
2022-02-01	LM_ELE_ADR091	11382.4899999999998
2022-02-01	LM_WOD_ADR_B80	115.739999999999995
2022-02-01	LM_WOD_ADR_B81	41.9699999999999989
2022-02-01	LM_ELE_ADR_B04	277274.690000000002
2022-02-01	LM_ELE_ADR_B05	241527.450000000012
2022-02-01	LM_ELE_ADR_B09	287958.409999999974
2022-02-01	LM_ELE_ADR_B01	0
2022-02-01	LM_ELE_ADR_B02	0
2022-02-01	LM_LC_ADR_B18	18
2022-02-01	LM_LC_ADR_B20	69.0900000000000034
2022-02-01	LM_LC_ADR_B22	50.7299999999999969
2022-02-01	LM_LC_ADR_B24	10.0199999999999996
2022-02-01	LM_LC_ADR_B31	415.399999999999977
2022-02-01	LM_LC_ADR_B41	474
2022-02-01	LM_LC_ADR_B43	7.79999999999999982
2022-02-01	LM_LH_ADR_B23	64.2999999999999972
2022-02-01	LM_LH_ADR_B25	57.1000000000000014
2022-02-01	LM_LH_ADR_B27	134.900000000000006
2022-02-01	LM_LH_ADR_B35	0
2022-02-01	LM_LH_ADR_B36	0
2022-02-01	LM_LH_ADR_B38	72
2022-02-01	LM_WOD_ADR_B76	1736.78999999999996
2022-02-01	LM_WOD_ADR_B77	8.96000000000000085
2022-02-01	LM_LC_ADR_B16	38.8200000000000003
2022-02-01	LM_LH_ADR_B17	49.7000000000000028
2022-02-01	LM_WOD_ADR_B79	360.110000000000014
2022-02-01	LM_ELE_ADR_B12	17378.8199999999997
2022-02-01	LM_ELE_ADR_B13	15053.1900000000005
2022-02-01	LM_LC_ADR_B46	50.5300000000000011
2022-02-01	LM_LC_ADR193	0
2022-02-01	LM_ELE_ADR125	4839.43000000000029
2022-02-01	LM_ELE_ADR069	284569
2022-02-01	LM_ELE_ADR075	10457
2022-02-01	LM_ELE_ADR080	166806.130000000005
2022-02-01	LM_WOD_MAIN_W	0
2022-02-01	LM_LC_ADR155	6635.39999999999964
2022-02-01	LM_LH_ADR122	14.5999999999999996
2022-02-01	LM_LH_ADR222	0
2022-02-01	LM_LH_ADR201	89.0999999999999943
2022-02-01	LM_ELE_ADR065	0
2022-02-01	LM_ELE_ADR100	16913.3499999999985
2022-02-01	LM_WOD_ADR248_Solution Space	42.8699999999999974
2022-02-01	LM_LC_ADR165	45.2700000000000031
2022-02-01	LM_LH_ADR225	70.7999999999999972
2022-02-01	LM_LC_ADR170	54.0200000000000031
2022-02-01	LM_LH_ADR192	0
2022-02-01	LM_LH_ADR223	176.599999999999994
2022-02-01	LM_WOD_ADR148	0.0299999999999999989
2022-02-01	LM_ELE_ADR006	74879.5899999999965
2022-02-01	LM_ELE_ADR036	87695.7899999999936
2022-02-01	LM_ELE_ADR076	0
2022-02-01	LM_ELE_ADR046	0
2022-02-01	LM_ELE_ADR_B10	29013.7099999999991
2022-02-01	LM_LH_ADR_B44	4.5
2022-02-01	LM_LC_ADR159	4420
2022-02-01	LM_LC_ADR160	7870
2022-02-01	LM_LH_ADR167	1350
2022-02-01	LM_WOD_ADR236	5.59999999999999964
2021-11-01	LM_LC_ADR170	49.5399999999999991
2021-11-01	LM_LC_ADR172	94.9399999999999977
2021-11-01	LM_LC_ADR179	71.3900000000000006
2021-11-01	LM_ELE_ADR021	213901.73000000001
2021-11-01	LM_ELE_ADR078	44522
2021-11-01	LM_ELE_ADR066	0
2021-11-01	LM_ELE_ADR080	158258.48000000001
2021-11-01	LM_LH_ADR199	138.599999999999994
2021-11-01	LM_ELE_ADR115	22939.2000000000007
2021-11-01	LM_WOD_ADR249_Solution Space	85.7399999999999949
2021-11-01	LM_WOD_MAIN_W	0
2021-11-01	LM_LC_ADR123	416.199999999999989
2021-11-01	LM_LC_ADR151	26574
2021-11-01	LM_LC_ADR153	9363
2021-11-01	LM_LC_ADR154	2207.40000000000009
2021-11-01	LM_LC_ADR155	5813.39999999999964
2021-11-01	LM_LC_ADR157	940.299999999999955
2021-11-01	LM_LC_ADR158	291.600000000000023
2021-11-01	LM_LC_ADR162	668.5
2021-11-01	LM_LC_ADR168	76.4000000000000057
2021-11-01	LM_LC_ADR173	83.2000000000000028
2021-11-01	LM_LC_ADR174	159.409999999999997
2021-11-01	LM_LC_ADR175	0
2021-11-01	LM_LC_ADR176	84.7000000000000028
2021-11-01	LM_LC_ADR178	103.230000000000004
2021-11-01	LM_LC_ADR184	39.7199999999999989
2021-11-01	LM_LC_ADR186	15.5399999999999991
2021-11-01	LM_LC_ADR187	29.0399999999999991
2021-11-01	LM_LC_ADR209	85.3400000000000034
2021-11-01	LM_LC_ADR32	0
2021-11-01	LM_LC_ADR82	3.75999999999999979
2021-11-01	LM_LH_ADR122	14.0999999999999996
2021-11-01	LM_LH_ADR189	56.4500000000000028
2021-11-01	LM_LH_ADR195	408.600000000000023
2021-11-01	LM_LH_ADR196	9
2021-11-01	LM_LH_ADR198	1147
2021-11-01	LM_LH_ADR200	44.8999999999999986
2021-11-01	LM_LH_ADR203	215.099999999999994
2021-11-01	LM_LH_ADR204	93.7999999999999972
2021-11-01	LM_LH_ADR208	271.800000000000011
2021-11-01	LM_LH_ADR211	28.1999999999999993
2021-11-01	LM_LH_ADR212	144.699999999999989
2021-11-01	LM_LH_ADR216	31.7899999999999991
2021-11-01	LM_LH_ADR218	384.5
2021-11-01	LM_LH_ADR221	296.5
2021-11-01	LM_LH_ADR222	0
2021-11-01	LM_LH_ADR227	41.2000000000000028
2021-11-01	LM_LH_ADR229	84.8199999999999932
2021-11-01	LM_LH_ADR231	0
2021-11-01	LM_LH_ADR234	0
2021-11-01	LM_LH_ADR235	86.2000000000000028
2021-11-01	LM_LH_ADR33	0
2021-11-01	LM_ELE_ADR008	84389.8699999999953
2021-11-01	LM_ELE_ADR012	65753.7299999999959
2021-11-01	LM_ELE_ADR017	11461.1100000000006
2021-11-01	LM_ELE_ADR019	2439.5300000000002
2021-11-01	LM_ELE_ADR024	114290.449999999997
2021-11-01	LM_ELE_ADR027	34534.4400000000023
2021-11-01	LM_LC_ADR163	26.5799999999999983
2021-11-01	LM_LC_ADR164	0.0200000000000000004
2021-11-01	LM_LH_ADR201	85.0999999999999943
2021-11-01	LM_ELE_ADR029	10848.2900000000009
2021-11-01	LM_ELE_ADR031	155303.339999999997
2021-11-01	LM_ELE_ADR038	290953.880000000005
2021-11-01	LM_ELE_ADR041	59927.1100000000006
2021-11-01	LM_ELE_ADR045	5418.25
2021-11-01	LM_ELE_ADR047	4885.86999999999989
2021-11-01	LM_ELE_ADR049	13586.1399999999994
2021-11-01	LM_ELE_ADR052	10158.3199999999997
2021-11-01	LM_ELE_ADR054	28384.8100000000013
2021-11-01	LM_ELE_ADR057	5622.19999999999982
2021-11-01	LM_ELE_ADR059	21204.0600000000013
2021-11-01	LM_ELE_ADR060	0
2021-11-01	LM_ELE_ADR061	0
2021-11-01	LM_ELE_ADR062	18489
2021-11-01	LM_ELE_ADR065	0
2021-11-01	LM_ELE_ADR067	159
2021-11-01	LM_ELE_ADR068	937
2021-11-01	LM_ELE_ADR070	88
2021-11-01	LM_ELE_ADR071	70367
2021-11-01	LM_ELE_ADR073	88
2021-11-01	LM_ELE_ADR077	1063
2021-11-01	LM_ELE_ADR084	51441.4599999999991
2021-11-01	LM_ELE_ADR086	12364.1399999999994
2021-11-01	LM_ELE_ADR088	34059.2699999999968
2021-11-01	LM_ELE_ADR094	1439.15000000000009
2021-11-01	LM_ELE_ADR095	91050.1300000000047
2021-11-01	LM_ELE_ADR097	26106.75
2021-11-01	LM_ELE_ADR098	3118.36000000000013
2021-11-01	LM_ELE_ADR099	66215.5599999999977
2021-11-01	LM_ELE_ADR100	14952.3299999999999
2021-11-01	LM_ELE_ADR101	6798.02000000000044
2021-11-01	LM_ELE_ADR111	362.569999999999993
2021-11-01	LM_ELE_ADR116	13736.2199999999993
2021-11-01	LM_ELE_ADR118	19120.2799999999988
2021-11-01	LM_ELE_ADR119	68396.6300000000047
2021-11-01	LM_ELE_ADR120	72856.3800000000047
2021-11-01	LM_WOD_ADR129	102.700000000000003
2021-11-01	LM_WOD_ADR140	121.400000000000006
2021-11-01	LM_WOD_ADR147	55.1300000000000026
2021-11-01	LM_WOD_ADR246_Solution Space	475.319999999999993
2021-11-01	LM_WOD_ADR248_Solution Space	36.8299999999999983
2021-11-01	LM_ELE_ADR_B03	118130.75
2021-11-01	LM_ELE_ADR_B07	92810.2599999999948
2021-11-01	LM_ELE_ADR_B08	138671.160000000003
2021-11-01	LM_LC_ADR_B26	108.280000000000001
2021-11-01	LM_LC_ADR_B30	356
2021-11-01	LM_LC_ADR_B32	784.200000000000045
2021-11-01	LM_LC_ADR_B33	675.700000000000045
2021-11-01	LM_LH_ADR_B19	81.0999999999999943
2021-11-01	LM_LH_ADR_B21	171.900000000000006
2021-11-01	LM_LH_ADR_B34	0
2021-11-01	LM_LH_ADR_B37	0.400000000000000022
2021-11-01	LM_LH_ADR_B39	95.4000000000000057
2021-11-01	LM_LH_ADR_B40	159.199999999999989
2021-11-01	LM_LH_ADR_B42	0
2021-11-01	LM_WOD_ADR_B78	179.52000000000001
2021-11-01	LM_LC_ADR102	43.490000000000002
2021-11-01	LM_LC_ADR103	47.7100000000000009
2021-11-01	LM_LC_ADR104	59.6599999999999966
2021-11-01	LM_LC_ADR152	4320.80000000000018
2021-11-01	LM_LC_ADR149	0.910000000000000031
2021-11-01	LM_LC_ADR156	2861.5
2021-11-01	LM_LC_ADR171	245.030000000000001
2021-11-01	LM_LC_ADR165	38.6599999999999966
2021-11-01	LM_LC_ADR166	31
2021-11-01	LM_LC_ADR180	127
2021-11-01	LM_LC_ADR181	0.100000000000000006
2021-11-01	LM_LC_ADR182	74.3400000000000034
2021-11-01	LM_LC_ADR183	1.41999999999999993
2021-11-01	LM_LC_ADR185	16.129999999999999
2021-11-01	LM_LC_ADR161	1244.20000000000005
2021-11-01	LM_LC_ADR224	132.550000000000011
2021-11-01	LM_LC_ADR89	28.4100000000000001
2021-11-01	LM_LC_ADR93	27.9100000000000001
2021-11-01	LM_LH_ADR145	9.80000000000000071
2021-11-01	LM_LH_ADR188	32.1799999999999997
2021-11-01	LM_LH_ADR190	7.79000000000000004
2021-11-01	LM_LH_ADR191	18.8000000000000007
2021-11-01	LM_LH_ADR192	0
2021-11-01	LM_LH_ADR194	786.5
2021-11-01	LM_LH_ADR207	392.800000000000011
2021-11-01	LM_LH_ADR197	1232.70000000000005
2021-11-01	LM_LH_ADR215	0
2021-11-01	LM_LH_ADR219	0.0299999999999999989
2021-11-01	LM_LH_ADR220	71.980000000000004
2021-11-01	LM_LH_ADR223	176.599999999999994
2021-11-01	LM_LH_ADR225	70.4000000000000057
2021-11-01	LM_LH_ADR226	54.0399999999999991
2021-11-01	LM_LH_ADR217	486.199999999999989
2021-11-01	LM_LH_ADR228	27.8000000000000007
2021-11-01	LM_LH_ADR232	52.1000000000000014
2021-11-01	LM_LH_ADR233	45.1000000000000014
2021-11-01	LM_LH_ADR230	1.60000000000000009
2021-11-01	LM_ELE_ADR114	241310.660000000003
2021-11-01	LM_ELE_ADR117	22082.2999999999993
2021-11-01	LM_WOD_ADR132	284.899999999999977
2021-11-01	LM_WOD_ADR133	334.730000000000018
2021-11-01	LM_WOD_ADR134	18.3200000000000003
2021-11-01	LM_WOD_ADR135	0
2021-11-01	LM_WOD_ADR136	65.3700000000000045
2021-11-01	LM_WOD_ADR139	1270.98000000000002
2021-11-01	LM_WOD_ADR141	17
2021-11-01	LM_WOD_ADR142	36
2021-11-01	LM_WOD_ADR143	557.389999999999986
2021-11-01	LM_WOD_ADR146	28035.4000000000015
2021-11-01	LM_WOD_ADR148	0.0500000000000000028
2021-11-01	LM_WOD_ADR150	36.7800000000000011
2021-11-01	LM_WOD_ADR237	922.809999999999945
2021-11-01	LM_WOD_ADR238	2212.76000000000022
2021-11-01	LM_WOD_ADR239	29.3299999999999983
2021-11-01	LM_WOD_ADR240	110.019999999999996
2021-11-01	LM_WOD_ADR241	995.57000000000005
2021-11-01	LM_ELE_ADR121	85.4399999999999977
2021-11-01	LM_ELE_ADR128	0
2021-11-01	LM_WOD_ADR247_Solution Space	467.930000000000007
2021-11-01	LM_WOD_ADR250_Solution Space	168.580000000000013
2021-11-01	LM_WOD_ADR30	0
2021-11-01	LM_ELE_ADR001	62406.4599999999991
2021-11-01	LM_ELE_ADR002	82267.1300000000047
2021-11-01	LM_ELE_ADR003	100545.699999999997
2021-11-01	LM_ELE_ADR006	72619.5099999999948
2021-11-01	LM_ELE_ADR007	118932.880000000005
2021-11-01	LM_ELE_ADR009	159571.609999999986
2021-11-01	LM_ELE_ADR011	156200.339999999997
2021-11-01	LM_ELE_ADR013	197507.049999999988
2021-11-01	LM_ELE_ADR014	12937.4099999999999
2021-11-01	LM_ELE_ADR015	118610.770000000004
2021-11-01	LM_ELE_ADR016	892473.130000000005
2021-11-01	LM_ELE_ADR018	12046.3999999999996
2021-11-01	LM_ELE_ADR020	124256.970000000001
2021-11-01	LM_ELE_ADR022	124642.660000000003
2021-11-01	LM_ELE_ADR023	28479.3199999999997
2021-11-01	LM_ELE_ADR025	381943.75
2021-11-01	LM_ELE_ADR028	17755.8100000000013
2021-11-01	LM_ELE_ADR034	23374.369999999999
2021-11-01	LM_ELE_ADR036	81774.6300000000047
2021-11-01	LM_ELE_ADR039	301225.469999999972
2021-11-01	LM_ELE_ADR040	29531
2021-11-01	LM_ELE_ADR042	3207.42000000000007
2021-11-01	LM_ELE_ADR044	6292.3100000000004
2021-11-01	LM_ELE_ADR048	6612.93000000000029
2021-11-01	LM_ELE_ADR051	6299.90999999999985
2021-11-01	LM_ELE_ADR053	17590.9599999999991
2021-11-01	LM_ELE_ADR055	5191.88000000000011
2021-11-01	LM_ELE_ADR056	20173.2700000000004
2021-11-01	LM_ELE_ADR063	189
2021-11-01	LM_ELE_ADR064	0
2021-11-01	LM_ELE_ADR058	75657.1600000000035
2021-11-01	LM_ELE_ADR072	23013
2021-11-01	LM_ELE_ADR074	70367
2021-11-01	LM_ELE_ADR076	0
2021-11-01	LM_ELE_ADR081	42130.1100000000006
2021-11-01	LM_ELE_ADR085	44662.0599999999977
2021-11-01	LM_ELE_ADR090	34610.9700000000012
2021-11-01	LM_ELE_ADR107	72506.3099999999977
2021-11-01	LM_ELE_ADR108	6208.56999999999971
2021-11-01	LM_ELE_ADR109	2013.65000000000009
2021-11-01	LM_ELE_ADR110	406.220000000000027
2021-11-01	LM_ELE_ADR113	48651.1399999999994
2021-11-01	LM_ELE_ADR087	82530.2400000000052
2021-11-01	LM_LC_ADR_B45	151.409999999999997
2021-11-01	LM_LH_ADR_B46	49.3500000000000014
2021-11-01	LM_LH_ADR_B47	116.299999999999997
2021-11-01	LM_WOD_ADR_B74	30.8399999999999999
2021-11-01	LM_ELE_ADR_B06	416481.909999999974
2021-11-01	LM_ELE_ADR046	0
2021-11-01	LM_ELE_ADR010	108857.470000000001
2021-11-01	LM_ELE_ADR043	2557.2199999999998
2021-11-01	LM_ELE_ADR_B11	29399.3300000000017
2021-11-01	LM_WOD_ADR242	41.6700000000000017
2021-11-01	LM_ELE_ADR124	77755.8800000000047
2021-11-01	LM_ELE_ADR112	693226.560000000056
2021-11-01	LM_WOD_ADR_B75	153.169999999999987
2021-11-01	LM_ELE_ADR091	10344.7900000000009
2021-11-01	LM_WOD_ADR_B80	104.819999999999993
2021-11-01	LM_WOD_ADR_B81	39.8400000000000034
2021-11-01	LM_ELE_ADR_B04	272130.159999999974
2021-11-01	LM_ELE_ADR_B05	235930.5
2021-11-01	LM_ELE_ADR_B09	272122.809999999998
2021-11-01	LM_ELE_ADR_B01	0
2021-11-01	LM_ELE_ADR_B10	27224.630000000001
2021-11-01	LM_ELE_ADR_B02	0
2021-11-01	LM_LC_ADR_B18	15.2200000000000006
2021-11-01	LM_LC_ADR_B20	58.9799999999999969
2021-11-01	LM_LC_ADR_B22	31.3099999999999987
2021-11-01	LM_LC_ADR_B24	10.0199999999999996
2021-11-01	LM_LC_ADR_B31	357.100000000000023
2021-11-01	LM_LC_ADR_B41	396.199999999999989
2021-11-01	LM_LC_ADR_B43	6.70000000000000018
2021-11-01	LM_LH_ADR_B23	64.0999999999999943
2021-11-01	LM_LH_ADR_B25	49.6000000000000014
2021-11-01	LM_LH_ADR_B27	117
2021-11-01	LM_LH_ADR_B35	0
2021-11-01	LM_LH_ADR_B36	0
2021-11-01	LM_LH_ADR_B38	71.7000000000000028
2021-11-01	LM_LH_ADR_B44	4.29999999999999982
2021-11-01	LM_WOD_ADR_B76	1736.78999999999996
2021-11-01	LM_WOD_ADR_B77	8.96000000000000085
2021-11-01	LM_LC_ADR_B16	32.5
2021-11-01	LM_LH_ADR_B17	47.3999999999999986
2021-11-01	LM_WOD_ADR_B79	360.110000000000014
2021-11-01	LM_ELE_ADR_B12	15764.4699999999993
2021-11-01	LM_ELE_ADR_B13	14656.9899999999998
2021-11-01	LM_LC_ADR_B46	45.0900000000000034
2021-11-01	LM_LC_ADR193	0
2021-11-01	LM_ELE_ADR125	4633.61999999999989
2021-11-01	LM_ELE_ADR069	264405
2021-11-01	LM_ELE_ADR075	88
2021-12-01	LM_LC_ADR170	50.009999999999998
2021-12-01	LM_LC_ADR172	98.2800000000000011
2021-12-01	LM_LC_ADR179	74.8599999999999994
2021-12-01	LM_ELE_ADR021	221886.380000000005
2021-12-01	LM_ELE_ADR078	46879
2021-12-01	LM_ELE_ADR066	0
2021-12-01	LM_ELE_ADR080	161290.130000000005
2021-12-01	LM_LH_ADR199	139.599999999999994
2021-12-01	LM_ELE_ADR115	23010.2599999999984
2021-12-01	LM_WOD_ADR249_Solution Space	89.8799999999999955
2021-12-01	LM_WOD_MAIN_W	0
2021-12-01	LM_LC_ADR123	445
2021-12-01	LM_LC_ADR151	27145.9979999999996
2021-12-01	LM_LC_ADR153	9492
2021-12-01	LM_LC_ADR154	2283.5
2021-12-01	LM_LC_ADR155	6001.19999999999982
2021-12-01	LM_LC_ADR157	963.799999999999955
2021-12-01	LM_LC_ADR158	301.600000000000023
2021-12-01	LM_LC_ADR162	687.700000000000045
2021-12-01	LM_LC_ADR168	84.2999999999999972
2021-12-01	LM_LC_ADR173	86.0100000000000051
2021-12-01	LM_LC_ADR174	168.360000000000014
2021-12-01	LM_LC_ADR175	0
2021-12-01	LM_LC_ADR176	84.7000000000000028
2021-12-01	LM_LC_ADR178	108.980000000000004
2021-12-01	LM_LC_ADR184	40.5600000000000023
2021-12-01	LM_LC_ADR186	16.9299999999999997
2021-12-01	LM_LC_ADR187	29.0399999999999991
2021-12-01	LM_LC_ADR209	86.5499999999999972
2021-12-01	LM_LC_ADR32	0
2021-12-01	LM_LC_ADR82	7.62999999999999989
2021-12-01	LM_LH_ADR122	14.5
2021-12-01	LM_LH_ADR189	57.1400000000000006
2021-12-01	LM_LH_ADR195	408.699999999999989
2021-12-01	LM_LH_ADR196	9
2021-12-01	LM_LH_ADR198	1162.70000000000005
2021-12-01	LM_LH_ADR200	45.2999999999999972
2021-12-01	LM_LH_ADR203	217
2021-12-01	LM_LH_ADR204	94.7000000000000028
2021-12-01	LM_LH_ADR208	285.399999999999977
2021-12-01	LM_LH_ADR211	30.1000000000000014
2021-12-01	LM_LH_ADR212	153.800000000000011
2021-12-01	LM_LH_ADR216	32.5300000000000011
2021-12-01	LM_LH_ADR218	390.399999999999977
2021-12-01	LM_LH_ADR221	305.699999999999989
2021-12-01	LM_LH_ADR222	0
2021-12-01	LM_LH_ADR227	41.2000000000000028
2021-12-01	LM_LH_ADR229	84.8199999999999932
2021-12-01	LM_LH_ADR231	0
2021-12-01	LM_LH_ADR234	0
2021-12-01	LM_LH_ADR235	86.2000000000000028
2021-12-01	LM_LH_ADR33	0
2021-12-01	LM_ELE_ADR008	87657.1199999999953
2021-12-01	LM_ELE_ADR012	68968.7899999999936
2021-12-01	LM_ELE_ADR017	11719.3799999999992
2021-12-01	LM_ELE_ADR019	2439.5300000000002
2021-12-01	LM_ELE_ADR024	116178.589999999997
2021-12-01	LM_ELE_ADR027	34825.3700000000026
2021-12-01	LM_LC_ADR163	27.6099999999999994
2021-12-01	LM_LC_ADR164	0.0200000000000000004
2021-12-01	LM_LH_ADR201	86.9000000000000057
2021-12-01	LM_ELE_ADR029	11311.5100000000002
2021-12-01	LM_ELE_ADR031	174115.200000000012
2021-12-01	LM_ELE_ADR038	304032.090000000026
2021-12-01	LM_ELE_ADR041	61263.0400000000009
2021-12-01	LM_ELE_ADR045	5523.22999999999956
2021-12-01	LM_ELE_ADR047	4983.10000000000036
2021-12-01	LM_ELE_ADR049	13793.9099999999999
2021-12-01	LM_ELE_ADR052	10335.2999999999993
2021-12-01	LM_ELE_ADR054	28842.25
2021-12-01	LM_ELE_ADR057	5723.59000000000015
2021-12-01	LM_ELE_ADR059	21649.5900000000001
2021-12-01	LM_ELE_ADR060	0
2021-12-01	LM_ELE_ADR061	0
2021-12-01	LM_ELE_ADR062	19120
2021-12-01	LM_ELE_ADR065	0
2021-12-01	LM_ELE_ADR067	189
2021-12-01	LM_ELE_ADR068	1605
2021-12-01	LM_ELE_ADR070	88
2021-12-01	LM_ELE_ADR071	71956
2021-12-01	LM_ELE_ADR073	88
2021-12-01	LM_ELE_ADR077	1063
2021-12-01	LM_ELE_ADR084	52398.760000000002
2021-12-01	LM_ELE_ADR086	12826.3099999999995
2021-12-01	LM_ELE_ADR088	35020.3300000000017
2021-12-01	LM_ELE_ADR094	1445.02999999999997
2021-12-01	LM_ELE_ADR095	93095.7400000000052
2021-12-01	LM_ELE_ADR097	27063.0299999999988
2021-12-01	LM_ELE_ADR098	3307.73999999999978
2021-12-01	LM_ELE_ADR099	69555.8000000000029
2021-12-01	LM_ELE_ADR100	15682.8500000000004
2021-12-01	LM_ELE_ADR101	6991.28999999999996
2021-12-01	LM_ELE_ADR111	362.569999999999993
2021-12-01	LM_ELE_ADR116	14916.2000000000007
2021-12-01	LM_ELE_ADR118	19546.5299999999988
2021-12-01	LM_ELE_ADR119	69677.3800000000047
2021-12-01	LM_ELE_ADR120	73410.2599999999948
2021-12-01	LM_WOD_ADR129	106.159999999999997
2021-12-01	LM_WOD_ADR140	121.75
2021-12-01	LM_WOD_ADR147	56.2700000000000031
2021-12-01	LM_WOD_ADR246_Solution Space	489.389999999999986
2021-12-01	LM_WOD_ADR248_Solution Space	39.009999999999998
2021-12-01	LM_ELE_ADR_B03	120211.429999999993
2021-12-01	LM_ELE_ADR_B07	94537.4199999999983
2021-12-01	LM_ELE_ADR_B08	141309.809999999998
2021-12-01	LM_LC_ADR_B26	113.459999999999994
2021-12-01	LM_LC_ADR_B30	368.300000000000011
2021-12-01	LM_LC_ADR_B32	813
2021-12-01	LM_LC_ADR_B33	710.5
2021-12-01	LM_LH_ADR_B19	85.0999999999999943
2021-12-01	LM_LH_ADR_B21	177.199999999999989
2021-12-01	LM_LH_ADR_B34	0
2021-12-01	LM_LH_ADR_B37	0.400000000000000022
2021-12-01	LM_LH_ADR_B39	95.5
2021-12-01	LM_LH_ADR_B40	159.800000000000011
2021-12-01	LM_LH_ADR_B42	0
2021-12-01	LM_WOD_ADR_B78	181.860000000000014
2021-12-01	LM_LC_ADR102	45.2800000000000011
2021-12-01	LM_LC_ADR103	49.7000000000000028
2021-12-01	LM_LC_ADR104	63.2700000000000031
2021-12-01	LM_LC_ADR152	4411.5
2021-12-01	LM_LC_ADR149	0.910000000000000031
2021-12-01	LM_LC_ADR156	2964.80000000000018
2021-12-01	LM_LC_ADR171	249.199999999999989
2021-12-01	LM_LC_ADR165	40.5600000000000023
2021-12-01	LM_LC_ADR166	32.4099999999999966
2021-12-01	LM_LC_ADR180	129.569999999999993
2021-12-01	LM_LC_ADR181	0.100000000000000006
2021-12-01	LM_LC_ADR182	76.9399999999999977
2021-12-01	LM_LC_ADR183	1.41999999999999993
2021-12-01	LM_LC_ADR185	16.620000000000001
2021-12-01	LM_LC_ADR161	1277
2021-12-01	LM_LC_ADR224	138.52000000000001
2021-12-01	LM_LC_ADR89	30.0899999999999999
2021-12-01	LM_LC_ADR93	29.6099999999999994
2021-12-01	LM_LH_ADR145	9.80000000000000071
2021-12-01	LM_LH_ADR188	32.1799999999999997
2021-12-01	LM_LH_ADR190	7.79000000000000004
2021-12-01	LM_LH_ADR191	18.8000000000000007
2021-12-01	LM_LH_ADR192	0
2021-12-01	LM_LH_ADR194	795.200000000000045
2021-12-01	LM_LH_ADR207	395.199999999999989
2021-12-01	LM_LH_ADR197	1239.70000000000005
2021-12-01	LM_LH_ADR215	0
2021-12-01	LM_LH_ADR219	0.0299999999999999989
2021-12-01	LM_LH_ADR220	71.980000000000004
2021-12-01	LM_LH_ADR223	176.599999999999994
2021-12-01	LM_LH_ADR225	70.4000000000000057
2021-12-01	LM_LH_ADR226	58.1799999999999997
2021-12-01	LM_LH_ADR217	489.699999999999989
2021-12-01	LM_LH_ADR228	28.8000000000000007
2021-12-01	LM_LH_ADR232	53.25
2021-12-01	LM_LH_ADR233	45.1000000000000014
2021-12-01	LM_LH_ADR230	1.69999999999999996
2021-12-01	LM_ELE_ADR114	247634.910000000003
2021-12-01	LM_ELE_ADR117	22371.3600000000006
2021-12-01	LM_WOD_ADR132	290.100000000000023
2021-12-01	LM_WOD_ADR133	337.75
2021-12-01	LM_WOD_ADR134	18.5500000000000007
2021-12-01	LM_WOD_ADR135	0
2021-12-01	LM_WOD_ADR136	66.1599999999999966
2021-12-01	LM_WOD_ADR139	1305.8599999999999
2021-12-01	LM_WOD_ADR141	17
2021-12-01	LM_WOD_ADR142	36
2021-12-01	LM_WOD_ADR143	557.389999999999986
2021-12-01	LM_WOD_ADR146	28433.7999999999993
2021-12-01	LM_WOD_ADR148	0.0500000000000000028
2021-12-01	LM_WOD_ADR150	37.8200000000000003
2021-12-01	LM_WOD_ADR237	923.159999999999968
2021-12-01	LM_WOD_ADR238	2217.82999999999993
2021-12-01	LM_WOD_ADR239	30.4299999999999997
2021-12-01	LM_WOD_ADR240	114.890000000000001
2021-12-01	LM_WOD_ADR241	21.6600000000000001
2021-12-01	LM_ELE_ADR121	160482.23000000001
2021-12-01	LM_ELE_ADR128	0
2021-12-01	LM_WOD_ADR247_Solution Space	484.180000000000007
2021-12-01	LM_WOD_ADR250_Solution Space	176.159999999999997
2021-12-01	LM_WOD_ADR30	0
2021-12-01	LM_ELE_ADR001	62817.6500000000015
2021-12-01	LM_ELE_ADR002	83687.9199999999983
2021-12-01	LM_ELE_ADR003	104475.009999999995
2021-12-01	LM_ELE_ADR006	73468.9100000000035
2021-12-01	LM_ELE_ADR007	122108.380000000005
2021-12-01	LM_ELE_ADR009	161795.309999999998
2021-12-01	LM_ELE_ADR011	157710.079999999987
2021-12-01	LM_ELE_ADR013	200293.130000000005
2021-12-01	LM_ELE_ADR014	13264.1399999999994
2021-12-01	LM_ELE_ADR015	121732.380000000005
2021-12-01	LM_ELE_ADR016	906453
2021-12-01	LM_ELE_ADR018	12278.5200000000004
2021-12-01	LM_ELE_ADR020	126629.520000000004
2021-12-01	LM_ELE_ADR022	130675.539999999994
2021-12-01	LM_ELE_ADR023	29456.9099999999999
2021-12-01	LM_ELE_ADR025	404558.780000000028
2021-12-01	LM_ELE_ADR028	17925.3300000000017
2021-12-01	LM_ELE_ADR034	0
2021-12-01	LM_ELE_ADR036	83523.4700000000012
2021-12-01	LM_ELE_ADR039	312062.590000000026
2021-12-01	LM_ELE_ADR040	30078.5900000000001
2021-12-01	LM_ELE_ADR042	3266.05999999999995
2021-12-01	LM_ELE_ADR044	6393.11999999999989
2021-12-01	LM_ELE_ADR048	6726.0600000000004
2021-12-01	LM_ELE_ADR051	6406.67000000000007
2021-12-01	LM_ELE_ADR053	17972.9099999999999
2021-12-01	LM_ELE_ADR055	5281.77999999999975
2021-12-01	LM_ELE_ADR056	20527.4099999999999
2021-12-01	LM_ELE_ADR063	190
2021-12-01	LM_ELE_ADR064	0
2021-12-01	LM_ELE_ADR058	77006.3800000000047
2021-12-01	LM_ELE_ADR072	23652
2021-12-01	LM_ELE_ADR074	71956
2021-12-01	LM_ELE_ADR076	0
2021-12-01	LM_ELE_ADR081	43258.4000000000015
2021-12-01	LM_ELE_ADR085	46950.3700000000026
2021-12-01	LM_ELE_ADR090	35266.6699999999983
2021-12-01	LM_ELE_ADR107	75135.8000000000029
2021-12-01	LM_ELE_ADR108	6263.10999999999967
2021-12-01	LM_ELE_ADR109	2014.3900000000001
2021-12-01	LM_ELE_ADR110	407.04000000000002
2021-12-01	LM_ELE_ADR113	49715.8899999999994
2021-12-01	LM_ELE_ADR087	83817.6999999999971
2021-12-01	LM_LC_ADR_B45	158.780000000000001
2021-12-01	LM_LH_ADR_B46	49.3500000000000014
2021-12-01	LM_LH_ADR_B47	116.599999999999994
2021-12-01	LM_WOD_ADR_B74	31.8000000000000007
2021-12-01	LM_ELE_ADR_B06	425251.5
2021-12-01	LM_ELE_ADR046	0
2021-12-01	LM_ELE_ADR010	111399.960000000006
2021-12-01	LM_ELE_ADR043	2607.36000000000013
2021-12-01	LM_ELE_ADR_B11	29981.4000000000015
2021-12-01	LM_WOD_ADR242	41.7999999999999972
2021-12-01	LM_ELE_ADR124	82924.0399999999936
2021-12-01	LM_ELE_ADR112	702843.560000000056
2021-12-01	LM_WOD_ADR_B75	161.939999999999998
2021-12-01	LM_ELE_ADR091	10684.7900000000009
2021-12-01	LM_WOD_ADR_B80	108.299999999999997
2021-12-01	LM_WOD_ADR_B81	40.5700000000000003
2021-12-01	LM_ELE_ADR_B04	274142.25
2021-12-01	LM_ELE_ADR_B05	237516.690000000002
2021-12-01	LM_ELE_ADR_B09	277900.25
2021-12-01	LM_ELE_ADR_B01	0
2021-12-01	LM_ELE_ADR_B10	27797.9399999999987
2021-12-01	LM_ELE_ADR_B02	0
2021-12-01	LM_LC_ADR_B18	16.120000000000001
2021-12-01	LM_LC_ADR_B20	62.240000000000002
2021-12-01	LM_LC_ADR_B22	35.9500000000000028
2021-12-01	LM_LC_ADR_B24	10.0199999999999996
2021-12-01	LM_LC_ADR_B31	367.300000000000011
2021-12-01	LM_LC_ADR_B41	415.5
2021-12-01	LM_LC_ADR_B43	7
2021-12-01	LM_LH_ADR_B23	64.0999999999999943
2021-12-01	LM_LH_ADR_B25	49.8999999999999986
2021-12-01	LM_LH_ADR_B27	123.099999999999994
2021-12-01	LM_LH_ADR_B35	0
2021-12-01	LM_LH_ADR_B36	0
2021-12-01	LM_LH_ADR_B38	71.7999999999999972
2021-12-01	LM_LH_ADR_B44	4.5
2021-12-01	LM_WOD_ADR_B76	1736.78999999999996
2021-12-01	LM_WOD_ADR_B77	8.96000000000000085
2021-12-01	LM_LC_ADR_B16	34.75
2021-12-01	LM_LH_ADR_B17	48.2999999999999972
2021-12-01	LM_WOD_ADR_B79	360.110000000000014
2021-12-01	LM_ELE_ADR_B12	16269.7199999999993
2021-12-01	LM_ELE_ADR_B13	15053.1900000000005
2021-12-01	LM_LC_ADR_B46	45.1400000000000006
2021-12-01	LM_LC_ADR193	0
2021-12-01	LM_ELE_ADR125	4717.57999999999993
2021-12-01	LM_ELE_ADR069	269329
2021-12-01	LM_ELE_ADR075	9989
2021-12-01	LM_LC_ADR159	1290
2021-12-01	LM_LC_ADR160	3490
2021-12-01	LM_LH_ADR167	450
2021-12-01	LM_WOD_ADR236	1.96999999999999997
2022-01-01	LM_LC_ADR170	51.8400000000000034
2022-01-01	LM_LC_ADR172	108.629999999999995
2022-01-01	LM_LC_ADR179	79.3499999999999943
2022-01-01	LM_ELE_ADR021	236525.529999999999
2022-01-01	LM_ELE_ADR078	49498
2022-01-01	LM_ELE_ADR066	0
2022-01-01	LM_ELE_ADR080	163986.410000000003
2022-01-01	LM_LH_ADR199	141.400000000000006
2022-01-01	LM_ELE_ADR115	23772.8499999999985
2022-01-01	LM_WOD_ADR249_Solution Space	93.7099999999999937
2022-01-01	LM_WOD_MAIN_W	0
2022-01-01	LM_LC_ADR123	474
2022-01-01	LM_LC_ADR151	28209
2022-01-01	LM_LC_ADR153	9785
2022-01-01	LM_LC_ADR154	2378.69999999999982
2022-01-01	LM_LC_ADR155	6315.89999999999964
2022-01-01	LM_LC_ADR157	1003.5
2022-01-01	LM_LC_ADR158	320.199999999999989
2022-01-01	LM_LC_ADR162	722.600000000000023
2022-01-01	LM_LC_ADR168	93.7999999999999972
2022-01-01	LM_LC_ADR173	91.25
2022-01-01	LM_LC_ADR174	176.560000000000002
2022-01-01	LM_LC_ADR175	0
2022-01-01	LM_LC_ADR176	84.7000000000000028
2022-01-01	LM_LC_ADR178	116.420000000000002
2022-01-01	LM_LC_ADR184	41.7100000000000009
2022-01-01	LM_LC_ADR186	19.2300000000000004
2022-01-01	LM_LC_ADR187	32.509999999999998
2022-01-01	LM_LC_ADR209	86.5499999999999972
2022-01-01	LM_LC_ADR32	0
2022-01-01	LM_LC_ADR82	12.4800000000000004
2022-01-01	LM_LH_ADR122	14.5
2022-01-01	LM_LH_ADR189	57.7299999999999969
2022-01-01	LM_LH_ADR195	414.399999999999977
2022-01-01	LM_LH_ADR196	9
2022-01-01	LM_LH_ADR198	1179.40000000000009
2022-01-01	LM_LH_ADR200	45.7999999999999972
2022-01-01	LM_LH_ADR203	218.199999999999989
2022-01-01	LM_LH_ADR204	95.5999999999999943
2022-01-01	LM_LH_ADR208	292.699999999999989
2022-01-01	LM_LH_ADR211	32
2022-01-01	LM_LH_ADR212	162.300000000000011
2022-01-01	LM_LH_ADR216	32.5300000000000011
2022-01-01	LM_LH_ADR218	400.5
2022-01-01	LM_LH_ADR221	312.5
2022-01-01	LM_LH_ADR222	0
2022-01-01	LM_LH_ADR227	41.2000000000000028
2022-01-01	LM_LH_ADR229	84.8199999999999932
2022-01-01	LM_LH_ADR231	0
2022-01-01	LM_LH_ADR234	0
2022-01-01	LM_LH_ADR235	86.4000000000000057
2022-01-01	LM_LH_ADR33	0
2022-01-01	LM_ELE_ADR008	92839.1499999999942
2022-01-01	LM_ELE_ADR012	77785.5200000000041
2022-01-01	LM_ELE_ADR017	11969.0400000000009
2022-01-01	LM_ELE_ADR019	2568.88000000000011
2022-01-01	LM_ELE_ADR024	118400.539999999994
2022-01-01	LM_ELE_ADR027	35094.6699999999983
2022-01-01	LM_LC_ADR163	29
2022-01-01	LM_LC_ADR164	0.0200000000000000004
2022-01-01	LM_LH_ADR201	87.9000000000000057
2022-01-01	LM_ELE_ADR029	11808.9899999999998
2022-01-01	LM_ELE_ADR031	177510.549999999988
2022-01-01	LM_ELE_ADR038	319410.909999999974
2022-01-01	LM_ELE_ADR041	62763.8700000000026
2022-01-01	LM_ELE_ADR045	5622.14999999999964
2022-01-01	LM_ELE_ADR047	5075.38000000000011
2022-01-01	LM_ELE_ADR049	13993.9799999999996
2022-01-01	LM_ELE_ADR052	10508.3299999999999
2022-01-01	LM_ELE_ADR054	29301.0400000000009
2022-01-01	LM_ELE_ADR057	5817.09000000000015
2022-01-01	LM_ELE_ADR059	22110.3100000000013
2022-01-01	LM_ELE_ADR060	0
2022-01-01	LM_ELE_ADR061	0
2022-01-01	LM_ELE_ADR062	19766
2022-01-01	LM_ELE_ADR065	0
2022-01-01	LM_ELE_ADR067	262
2022-01-01	LM_ELE_ADR068	3284
2022-01-01	LM_ELE_ADR070	88
2022-01-01	LM_ELE_ADR071	73505
2022-01-01	LM_ELE_ADR073	88
2022-01-01	LM_ELE_ADR077	1063
2022-01-01	LM_ELE_ADR084	53243.1100000000006
2022-01-01	LM_ELE_ADR086	13280.8899999999994
2022-01-01	LM_ELE_ADR088	35881.0299999999988
2022-01-01	LM_ELE_ADR094	1453.44000000000005
2022-01-01	LM_ELE_ADR095	95113.3899999999994
2022-01-01	LM_ELE_ADR097	28016.3400000000001
2022-01-01	LM_ELE_ADR098	3356.2199999999998
2022-01-01	LM_ELE_ADR099	72670.1999999999971
2022-01-01	LM_ELE_ADR100	16213.0300000000007
2022-01-01	LM_ELE_ADR101	7179.72999999999956
2022-01-01	LM_ELE_ADR111	362.569999999999993
2022-01-01	LM_ELE_ADR116	15001.3600000000006
2022-01-01	LM_ELE_ADR118	19930.9799999999996
2022-01-01	LM_ELE_ADR119	70936.1999999999971
2022-01-01	LM_ELE_ADR120	76621.320000000007
2022-01-01	LM_WOD_ADR129	109.400000000000006
2022-01-01	LM_WOD_ADR140	121.969999999999999
2022-01-01	LM_WOD_ADR147	57.3599999999999994
2022-01-01	LM_WOD_ADR246_Solution Space	502.529999999999973
2022-01-01	LM_WOD_ADR248_Solution Space	41.0399999999999991
2022-01-01	LM_ELE_ADR_B03	122213.410000000003
2022-01-01	LM_ELE_ADR_B07	96226.1300000000047
2022-01-01	LM_ELE_ADR_B08	143926.660000000003
2022-01-01	LM_LC_ADR_B26	129.569999999999993
2022-01-01	LM_LC_ADR_B30	389.699999999999989
2022-01-01	LM_LC_ADR_B32	862.399999999999977
2022-01-01	LM_LC_ADR_B33	762.799999999999955
2022-01-01	LM_LH_ADR_B19	89.4000000000000057
2022-01-01	LM_LH_ADR_B21	183.300000000000011
2022-01-01	LM_LH_ADR_B34	0
2022-01-01	LM_LH_ADR_B37	0.400000000000000022
2022-01-01	LM_LH_ADR_B39	95.7000000000000028
2022-01-01	LM_LH_ADR_B40	160.400000000000006
2022-01-01	LM_LH_ADR_B42	0
2022-01-01	LM_WOD_ADR_B78	183.439999999999998
2022-01-01	LM_LC_ADR102	47.4200000000000017
2022-01-01	LM_LC_ADR103	52.1899999999999977
2022-01-01	LM_LC_ADR104	67.6899999999999977
2022-01-01	LM_LC_ADR152	4597.5
2022-01-01	LM_LC_ADR149	0.910000000000000031
2022-01-01	LM_LC_ADR156	3146.59999999999991
2022-01-01	LM_LC_ADR171	267.509999999999991
2022-01-01	LM_LC_ADR165	42.8400000000000034
2022-01-01	LM_LC_ADR166	34.1400000000000006
2022-01-01	LM_LC_ADR180	134.030000000000001
2022-01-01	LM_LC_ADR181	0.100000000000000006
2022-01-01	LM_LC_ADR182	81.5900000000000034
2022-01-01	LM_LC_ADR183	1.41999999999999993
2022-01-01	LM_LC_ADR185	18.8200000000000003
2022-01-01	LM_LC_ADR161	1334.09999999999991
2022-01-01	LM_LC_ADR224	146.449999999999989
2022-01-01	LM_LC_ADR89	32.2100000000000009
2022-01-01	LM_LC_ADR93	31.7600000000000016
2022-01-01	LM_LH_ADR145	10.0700000000000003
2022-01-01	LM_LH_ADR188	32.1799999999999997
2022-01-01	LM_LH_ADR190	7.88999999999999968
2022-01-01	LM_LH_ADR191	18.8000000000000007
2022-01-01	LM_LH_ADR192	0
2022-01-01	LM_LH_ADR194	0
2022-01-01	LM_LH_ADR207	398.199999999999989
2022-01-01	LM_LH_ADR197	1246.70000000000005
2022-01-01	LM_LH_ADR215	0
2022-01-01	LM_LH_ADR219	0.0299999999999999989
2022-01-01	LM_LH_ADR220	71.980000000000004
2022-01-01	LM_LH_ADR223	176.599999999999994
2022-01-01	LM_LH_ADR225	70.4000000000000057
2022-01-01	LM_LH_ADR226	66.4500000000000028
2022-01-01	LM_LH_ADR217	494.100000000000023
2022-01-01	LM_LH_ADR228	28.8000000000000007
2022-01-01	LM_LH_ADR232	54.4799999999999969
2022-01-01	LM_LH_ADR233	45.1000000000000014
2022-01-01	LM_LH_ADR230	1.69999999999999996
2022-01-01	LM_ELE_ADR114	254182.160000000003
2022-01-01	LM_ELE_ADR117	22560.4599999999991
2022-01-01	LM_WOD_ADR132	292.850000000000023
2022-01-01	LM_WOD_ADR133	339.79000000000002
2022-01-01	LM_WOD_ADR134	18.5899999999999999
2022-01-01	LM_WOD_ADR135	0
2022-01-01	LM_WOD_ADR136	67.1800000000000068
2022-01-01	LM_WOD_ADR139	1338.72000000000003
2022-01-01	LM_WOD_ADR141	17
2022-01-01	LM_WOD_ADR142	36
2022-01-01	LM_WOD_ADR143	557.389999999999986
2022-01-01	LM_WOD_ADR146	28874
2022-01-01	LM_WOD_ADR148	0.0400000000000000008
2022-01-01	LM_WOD_ADR150	38.7899999999999991
2022-01-01	LM_WOD_ADR237	923.350000000000023
2022-01-01	LM_WOD_ADR238	2277.40000000000009
2022-01-01	LM_WOD_ADR239	31.3999999999999986
2022-01-01	LM_WOD_ADR240	119.129999999999995
2022-01-01	LM_WOD_ADR241	45.3200000000000003
2022-01-01	LM_ELE_ADR121	85.4399999999999977
2022-01-01	LM_ELE_ADR128	0
2022-01-01	LM_WOD_ADR247_Solution Space	505.490000000000009
2022-01-01	LM_WOD_ADR250_Solution Space	182.530000000000001
2022-01-01	LM_WOD_ADR30	0
2022-01-01	LM_ELE_ADR001	64962.3300000000017
2022-01-01	LM_ELE_ADR002	85021.4499999999971
2022-01-01	LM_ELE_ADR003	110804.380000000005
2022-01-01	LM_ELE_ADR006	74055.7599999999948
2022-01-01	LM_ELE_ADR007	126956.690000000002
2022-01-01	LM_ELE_ADR009	166633.059999999998
2022-01-01	LM_ELE_ADR011	159020.130000000005
2022-01-01	LM_ELE_ADR013	206741.160000000003
2022-01-01	LM_ELE_ADR014	13583.2600000000002
2022-01-01	LM_ELE_ADR015	124156.660000000003
2022-01-01	LM_ELE_ADR016	914650.060000000056
2022-01-01	LM_ELE_ADR018	12501.5699999999997
2022-01-01	LM_ELE_ADR020	129521.889999999999
2022-01-01	LM_ELE_ADR022	136147.75
2022-01-01	LM_ELE_ADR023	30457.2999999999993
2022-01-01	LM_ELE_ADR025	436062.219999999972
2022-01-01	LM_ELE_ADR028	18611.5299999999988
2022-01-01	LM_ELE_ADR034	25480.7700000000004
2022-01-01	LM_ELE_ADR036	85486.1000000000058
2022-01-01	LM_ELE_ADR039	327294.559999999998
2022-01-01	LM_ELE_ADR040	33078.7200000000012
2022-01-01	LM_ELE_ADR042	3321.98999999999978
2022-01-01	LM_ELE_ADR044	6485.85000000000036
2022-01-01	LM_ELE_ADR048	6826.89000000000033
2022-01-01	LM_ELE_ADR051	6510
2022-01-01	LM_ELE_ADR053	19195.9399999999987
2022-01-01	LM_ELE_ADR055	5367.61999999999989
2022-01-01	LM_ELE_ADR056	20874.4000000000015
2022-01-01	LM_ELE_ADR063	190
2022-01-01	LM_ELE_ADR064	0
2022-01-01	LM_ELE_ADR058	78316.0800000000017
2022-01-01	LM_ELE_ADR072	24321
2022-01-01	LM_ELE_ADR074	73505
2022-01-01	LM_ELE_ADR076	0
2022-01-01	LM_ELE_ADR081	47140.2900000000009
2022-01-01	LM_ELE_ADR085	49034.0599999999977
2022-01-01	LM_ELE_ADR090	35908.3199999999997
2022-01-01	LM_ELE_ADR107	77556.3399999999965
2022-01-01	LM_ELE_ADR108	6319.57999999999993
2022-01-01	LM_ELE_ADR109	2014.63000000000011
2022-01-01	LM_ELE_ADR110	410.79000000000002
2022-01-01	LM_ELE_ADR113	50768.6999999999971
2022-01-01	LM_ELE_ADR087	85085.4600000000064
2022-01-01	LM_LC_ADR_B45	177.110000000000014
2022-01-01	LM_LH_ADR_B46	49.3500000000000014
2022-01-01	LM_LH_ADR_B47	116.700000000000003
2022-01-01	LM_WOD_ADR_B74	32.6799999999999997
2022-01-01	LM_ELE_ADR_B06	433482.75
2022-01-01	LM_ELE_ADR046	0
2022-01-01	LM_ELE_ADR010	113322.880000000005
2022-01-01	LM_ELE_ADR043	2658.11000000000013
2022-01-01	LM_ELE_ADR_B11	30629.9700000000012
2022-01-01	LM_WOD_ADR242	42.0600000000000023
2022-01-01	LM_ELE_ADR124	88215.2700000000041
2022-01-01	LM_ELE_ADR112	707275.75
2022-01-01	LM_WOD_ADR_B75	174.460000000000008
2022-01-01	LM_ELE_ADR091	11008.2700000000004
2022-01-01	LM_WOD_ADR_B80	111.569999999999993
2022-01-01	LM_WOD_ADR_B81	41.0499999999999972
2022-01-01	LM_ELE_ADR_B04	275595.090000000026
2022-01-01	LM_ELE_ADR_B05	239370.660000000003
2022-01-01	LM_ELE_ADR_B09	282907.280000000028
2022-01-01	LM_ELE_ADR_B01	0
2022-01-01	LM_ELE_ADR_B10	28369.1599999999999
2022-01-01	LM_ELE_ADR_B02	0
2022-01-01	LM_LC_ADR_B18	16.8900000000000006
2022-01-01	LM_LC_ADR_B20	64.0999999999999943
2022-01-01	LM_LC_ADR_B22	44.7199999999999989
2022-01-01	LM_LC_ADR_B24	10.0199999999999996
2022-01-01	LM_LC_ADR_B31	389.899999999999977
2022-01-01	LM_LC_ADR_B41	443.699999999999989
2022-01-01	LM_LC_ADR_B43	7.40000000000000036
2022-01-01	LM_LH_ADR_B23	64.0999999999999943
2022-01-01	LM_LH_ADR_B25	52.6000000000000014
2022-01-01	LM_LH_ADR_B27	129.699999999999989
2022-01-01	LM_LH_ADR_B35	0
2022-01-01	LM_LH_ADR_B36	0
2022-01-01	LM_LH_ADR_B38	71.9000000000000057
2022-01-01	LM_LH_ADR_B44	4.5
2022-01-01	LM_WOD_ADR_B76	1736.78999999999996
2022-01-01	LM_WOD_ADR_B77	8.96000000000000085
2022-01-01	LM_LC_ADR_B16	35.75
2022-01-01	LM_LH_ADR_B17	48.7999999999999972
2022-01-01	LM_WOD_ADR_B79	360.110000000000014
2022-01-01	LM_ELE_ADR_B12	16811.1899999999987
2022-01-01	LM_ELE_ADR_B13	15053.1900000000005
2022-01-01	LM_LC_ADR_B46	47.3100000000000023
2022-01-01	LM_LC_ADR193	0
2022-01-01	LM_ELE_ADR125	4775.07999999999993
2022-01-01	LM_ELE_ADR069	275813
2022-01-01	LM_ELE_ADR075	10193
2022-01-01	LM_LC_ADR159	4010
2022-01-01	LM_LC_ADR160	5620
2022-01-01	LM_LH_ADR167	780
2022-01-01	LM_WOD_ADR236	3.52000000000000002
\.


--
-- Data for Name: ordung; Type: TABLE DATA; Schema: public; Owner: czarek
--

COPY public.ordung (adres, kolejnosc, kolejnosc_wojtek) FROM stdin;
LM_LH_ADR_B35	\N	\N
LM_ELE_ADR097	\N	\N
LM_ELE_ADR109	\N	\N
LM_ELE_ADR085	\N	\N
LM_ELE_ADR081	\N	\N
LM_ELE_ADR076	\N	\N
LM_ELE_ADR074	\N	\N
LM_ELE_ADR058	\N	\N
LM_ELE_ADR064	\N	\N
LM_LH_ADR208	\N	\N
LM_LH_ADR200	\N	\N
LM_ELE_ADR043	\N	\N
LM_ELE_ADR066	\N	\N
LM_ELE_ADR055	\N	\N
LM_ELE_ADR056	\N	\N
LM_ELE_ADR063	\N	\N
LM_ELE_ADR021	\N	\N
LM_WOD_MAIN_W	\N	\N
LM_LC_ADR158	\N	\N
LM_ELE_ADR053	\N	\N
LM_ELE_ADR051	\N	\N
LM_ELE_ADR048	\N	\N
LM_ELE_ADR044	\N	\N
LM_ELE_ADR042	\N	\N
LM_ELE_ADR052	\N	\N
LM_ELE_ADR040	\N	\N
LM_ELE_ADR036	\N	\N
LM_ELE_ADR047	\N	\N
LM_ELE_ADR045	\N	\N
LM_ELE_ADR041	\N	\N
LM_ELE_ADR034	\N	\N
LM_ELE_ADR025	\N	\N
LM_ELE_ADR023	\N	\N
LM_ELE_ADR054	\N	\N
LM_ELE_ADR057	\N	\N
LM_ELE_ADR060	\N	\N
LM_ELE_ADR061	\N	\N
LM_ELE_ADR111	\N	\N
LM_ELE_ADR116	\N	\N
LM_ELE_ADR118	\N	\N
LM_ELE_ADR119	\N	\N
LM_ELE_ADR_B01	\N	\N
----	1040	\N
----	1050	\N
LM_LC_ADR_B30	1060	780
----	1070	\N
LM_ELE_ADR_B09	1090	830
LM_ELE_ADR108	1100	850
LM_ELE_ADR006	1110	840
LM_ELE_ADR003	1120	2090
----	1160	\N
----	1170	\N
LM_LC_ADR_B33	1190	1720
LM_LH_ADR_B39	1200	1730
----	1210	\N
LM_ELE_ADR_B12	1230	1740
----	20	\N
----	30	\N
----	40	\N
----	60	\N
----	70	\N
----	80	\N
----	90	\N
----	110	\N
----	220	\N
----	230	\N
----	240	\N
----	250	\N
----	260	\N
----	270	\N
----	290	\N
----	300	\N
----	310	\N
----	320	\N
----	340	\N
LM_LH_ADR227	420	730
LM_LC_ADR_B46	430	700
----	440	\N
----	740	\N
----	760	\N
LM_ELE_ADR039	950	2040
LM_WOD_ADR_B78	990	760
----	1000	\N
LM_LC_ADR_B41	1020	770
LM_LH_ADR_B42	1030	820
LM_ELE_ADR_B10	\N	\N
LM_ELE_ADR_B02	\N	\N
LM_ELE_ADR075	\N	\N
LM_WOD_ADR_B76	\N	\N
LM_WOD_ADR_B77	\N	\N
LM_ELE_ADR016	\N	\N
LM_ELE_ADR018	\N	\N
LM_ELE_ADR020	\N	\N
LM_ELE_ADR022	\N	\N
LM_ELE_ADR073	\N	\N
LM_ELE_ADR070	\N	\N
LM_ELE_ADR068	\N	\N
LM_ELE_ADR067	\N	\N
LM_ELE_ADR024	\N	\N
LM_LH_ADR_B37	\N	\N
LM_ELE_ADR065	\N	\N
LM_ELE_ADR019	\N	\N
LM_ELE_ADR_B11	\N	\N
LM_ELE_ADR017	\N	\N
LM_WOD_ADR142	\N	\N
LM_WOD_ADR141	\N	\N
LM_ELE_ADR002	\N	\N
LM_ELE_ADR_B13	1240	1750
LM_ELE_ADR_B06	1250	260
LM_ELE_ADR_B05	1260	270
LM_ELE_ADR_B04	1270	280
LM_WOD_ADR150	1310	180
LM_LC_ADR172	1330	190
LM_LH_ADR218	1340	220
LM_LH_ADR217	1350	230
LM_LC_ADR171	1360	200
LM_LH_ADR232	1370	240
LM_LC_ADR178	1380	210
LM_ELE_ADR114	1400	250
LM_ELE_ADR112	1410	2110
----	280	\N
----	350	\N
----	360	\N
----	370	\N
----	390	\N
----	460	\N
----	480	\N
----	490	\N
----	500	\N
----	540	\N
----	610	\N
----	710	\N
----	720	\N
----	730	\N
----	770	\N
LM_LH_ADR_B36	800	970
----	830	\N
----	900	\N
----	910	\N
----	920	\N
----	960	\N
----	970	\N
----	980	\N
----	1010	\N
----	1080	\N
----	1130	\N
----	1140	\N
----	1150	\N
----	1180	\N
----	1220	\N
----	1280	\N
----	1290	\N
----	1300	\N
----	1320	\N
----	1390	\N
----	1420	\N
----	1430	\N
----	1440	\N
----	1450	\N
----	1460	\N
LM_LC_ADR175	1470	20
LM_LH_ADR222	1480	50
LM_LH_ADR223	1490	60
LM_LC_ADR176	1500	30
LM_LC_ADR102	1510	40
----	1520	\N
LM_ELE_ADR071	1530	70
LM_ELE_ADR015	1540	2120
LM_LH_ADR216	1550	1550
----	1560	\N
----	1570	\N
----	1580	\N
LM_WOD_ADR147	1590	\N
----	1600	\N
LM_LC_ADR170	1610	1530
LM_LH_ADR215	1620	1540
LM_LH_ADR216	1630	1550
LM_ELE_ADR028	2270	1950
----	2280	\N
----	2290	\N
LM_WOD_ADR250_Solution Space	2300	1790
LM_WOD_ADR249_Solution Space	2310	1800
LM_WOD_ADR248_Solution Space	2320	1810
----	2330	\N
LM_LH_ADR212	2340	1920
LM_LC_ADR162	2350	1870
LM_LH_ADR204	2360	1930
----	2370	\N
LM_ELE_ADR099	2380	2000
LM_ELE_ADR097	2390	\N
LM_ELE_ADR085	2400	\N
LM_ELE_ADR012	2410	1940
LM_ELE_ADR010	2420	2130
LM_ELE_ADR008	2430	2100
----	2440	\N
----	2450	\N
----	2460	\N
LM_WOD_ADR239	2470	1240
----	2480	\N
LM_LC_ADR182	2490	1250
LM_LH_ADR233	2500	1260
LM_LH_ADR234	2510	1270
----	2520	\N
LM_ELE_ADR100	2530	1280
LM_ELE_ADR101	2540	1290
----	2550	\N
----	2560	\N
----	2570	\N
----	2580	\N
LM_WOD_ADR238	2590	80
----	2600	\N
LM_LC_ADR209	2610	90
LM_LH_ADR235	2620	120
LM_LC_ADR224	2630	100
LM_LH_ADR_B44	2640	110
LM_LC_ADR_B43	2650	130
----	2660	\N
LM_ELE_ADR121	2670	140
----	1640	\N
LM_ELE_ADR088	1650	1560
LM_ELE_ADR008	1660	2100
----	1670	\N
----	1680	\N
----	1690	\N
----	1700	\N
----	1710	\N
LM_LC_ADR173	1720	1470
LM_LH_ADR219	1730	1480
LM_LH_ADR220	1740	1490
----	1750	\N
----	1760	\N
LM_ELE_ADR072	1770	\N
LM_ELE_ADR010	1780	2130
----	1790	\N
----	1800	\N
----	1810	\N
LM_WOD_ADR129	1820	\N
----	1830	\N
LM_LC_ADR174	1840	1660
LM_LH_ADR221	1850	1670
LM_LC_ADR163	1860	1630
LM_LH_ADR201	1870	1640
LM_LC_ADR164	1880	1620
----	1890	\N
LM_ELE_ADR124	1900	1680
----	1910	\N
----	1920	\N
----	1930	\N
LM_WOD_ADR236	1940	910
----	1950	\N
LM_LC_ADR159	1960	890
LM_LH_ADR167	1970	900
LM_LC_ADR160	1980	880
----	1990	\N
LM_ELE_ADR068	2000	\N
----	2010	\N
----	2020	\N
----	2030	\N
LM_WOD_ADR242	2040	1760
----	2050	\N
LM_LC_ADR179	2060	1820
LM_LH_ADR228	2070	1880
LM_LC_ADR165	2080	1830
LM_LC_ADR166	2090	1840
----	2100	\N
LM_ELE_ADR090	2110	1960
----	2120	\N
----	2130	\N
----	2140	\N
LM_WOD_ADR247_Solution Space	2150	1780
LM_WOD_ADR246_Solution Space	2160	1770
----	2170	\N
LM_LH_ADR231	2180	1890
----	2230	\N
LM_ELE_ADR027	2680	150
LM_ELE_ADR120	2690	160
LM_ELE_ADR110	2700	170
----	2710	\N
----	2720	\N
----	2730	\N
LM_WOD_ADR_B79	2740	320
LM_WOD_ADR_B75	2750	330
----	2760	\N
----	2770	\N
LM_ELE_ADR078	2780	340
LM_ELE_ADR077	2790	\N
----	2800	\N
----	2810	\N
LM_LC_ADR104	2820	290
LM_LC_ADR_B26	2830	300
LM_LH_ADR_B27	2840	380
LM_LC_ADR123	2850	310
LM_LH_ADR122	2860	390
----	2870	\N
LM_LH_ADR227	2880	730
LM_LC_ADR_B46	2890	700
----	2900	\N
----	2910	\N
----	2920	\N
LM_WOD_ADR_B74	2930	630
----	2940	\N
LM_LC_ADR_B45	2950	640
LM_LH_ADR_B47	2960	650
LM_LH_ADR_B46	2970	660
----	2980	\N
LM_ELE_ADR107	2990	670
LM_ELE_ADR001	3000	2140
----	3010	\N
----	3020	\N
----	3030	\N
LM_WOD_ADR_B81	3040	570
----	3050	\N
LM_LC_ADR185	3060	580
LM_LH_ADR225	3070	600
LM_LC_ADR93	3080	590
LM_LH_ADR_B23	3090	520
LM_LC_ADR_B22	3100	530
----	3110	\N
LM_ELE_ADR062	3120	610
----	3130	\N
----	3140	\N
----	3150	\N
----	3160	\N
LM_WOD_ADR_B80	3170	410
----	3180	\N
----	3190	\N
----	3200	\N
LM_LC_ADR_B16	3210	420
LM_LH_ADR_B17	3220	460
LM_LC_ADR_B20	3230	430
LM_LC_ADR181	2190	1850
LM_LH_ADR230	2200	1900
LM_LC_ADR180	2210	1860
LM_LH_ADR229	2220	1910
LM_ELE_ADR031	2240	1970
LM_WOD_ADR146	10	2060
LM_WOD_ADR143	50	\N
LM_LC_ADR151	100	\N
LM_LH_ADR198	120	\N
LM_LH_ADR197	130	\N
LM_LH_ADR194	140	\N
LM_LH_ADR195	150	\N
LM_LH_ADR196	160	\N
LM_LC_ADR156	170	\N
LM_LC_ADR155	180	\N
LM_LC_ADR154	190	\N
LM_LC_ADR153	200	\N
LM_LC_ADR152	210	\N
LM_ELE_ADR038	330	1690
LM_WOD_ADR139	380	680
LM_LC_ADR168	400	690
LM_LH_ADR226	410	720
LM_LC_ADR103	450	710
LM_ELE_ADR069	470	750
LM_WOD_ADR133	510	\N
LM_WOD_ADR132	520	\N
LM_WOD_ADR134	530	\N
LM_LH_ADR207	550	1100
LM_LC_ADR157	560	1080
LM_LH_ADR199	570	1110
LM_LH_ADR211	580	1120
LM_LH_ADR203	590	1130
LM_LC_ADR161	600	1090
LM_ELE_ADR059	620	1140
LM_ELE_ADR080	630	1150
LM_ELE_ADR095	640	1160
LM_ELE_ADR084	650	1170
LM_ELE_ADR098	660	1180
LM_ELE_ADR087	670	1190
LM_ELE_ADR013	680	1200
LM_ELE_ADR011	690	1210
LM_ELE_ADR009	700	1220
LM_WOD_ADR136	750	930
LM_LC_ADR_B31	780	940
LM_LH_ADR_B38	790	960
LM_LH_ADR_B40	810	980
LM_LC_ADR_B32	820	950
LM_ELE_ADR_B08	840	990
LM_ELE_ADR_B07	850	1000
LM_ELE_ADR_B03	860	1010
LM_ELE_ADR007	870	1030
LM_ELE_ADR046	880	1040
LM_ELE_ADR125	890	1020
LM_WOD_ADR140	930	2030
LM_ELE_ADR049	940	\N
LM_ELE_ADR128	\N	\N
LM_WOD_ADR148	\N	\N
LM_WOD_ADR30	\N	\N
LM_WOD_ADR241	\N	\N
LM_WOD_ADR240	\N	\N
LM_ELE_ADR086	2250	1980
----	2260	\N
LM_LH_ADR_B21	3240	470
LM_LC_ADR_B18	3250	450
LM_LH_ADR_B19	3260	480
LM_LC_ADR89	3270	440
----	3280	\N
----	3290	\N
----	3300	\N
LM_LC_ADR_B24	3310	540
LM_LH_ADR_B25	3320	620
LM_LC_ADR82	3330	550
----	3340	\N
----	3350	\N
----	3360	\N
----	3370	\N
----	3380	\N
LM_WOD_ADR237	3390	1300
----	3400	\N
LM_LC_ADR184	3410	1320
LM_LH_ADR189	3420	\N
LM_LC_ADR149	3430	1310
LM_LH_ADR145	3440	1360
LM_LC_ADR183	3450	1330
LM_LH_ADR190	3460	1370
LM_LC_ADR186	3470	1340
LM_LH_ADR191	3480	1380
LM_LC_ADR187	3490	1350
LM_LH_ADR192	3500	1390
LM_LC_ADR193	3510	\N
LM_LH_ADR188	3520	1400
----	3530	\N
LM_ELE_ADR094	3540	1410
----	3550	\N
LM_ELE_ADR113	3560	2150
LM_ELE_ADR115	3570	1440
LM_ELE_ADR014	3580	1430
LM_ELE_ADR117	3590	1450
----	3600	\N
----	3610	\N
----	3620	\N
----	3630	\N
----	3640	\N
LM_LC_ADR32	3650	1590
LM_LH_ADR33	3660	1600
----	3670	\N
LM_ELE_ADR029	3680	1610
----	3690	\N
----	3700	\N
----	3710	\N
LM_ELE_ADR091	3720	1570
----	3730	\N
----	3740	\N
----	3750	\N
----	3760	\N
LM_WOD_ADR135	3770	920
LM_LH_ADR_B36	3780	970
LM_LH_ADR_B34	3790	790
\.


--
-- Data for Name: rodzaje_licz; Type: TABLE DATA; Schema: public; Owner: czarek
--

COPY public.rodzaje_licz (rodzaj, rodzaj_licznika, jednostka) FROM stdin;
ELE	elektryczny	kWh
LC	ciepła	MJ
LH	chłodu	MJ
WOD	wody	m^3
\.


--
-- Data for Name: wojtek; Type: TABLE DATA; Schema: public; Owner: czarek
--

COPY public.wojtek (kolejnosc, najemca, nr_fabryczny, lokalizacja) FROM stdin;
10	AlmiDecor	57783922	1
20	AlmiDecor	80096039	0
30	AlmiDecor	80096038	1
40	AlmiDecor	67219624	-1
50	AlmiDecor	80032573	0 WL
60	AlmiDecor	80032572	+1 WL
70	AlmiDecor	48503026H16502010220	+1 TL
80	Atelier Amaro 	180702718A	0
90	Atelier Amaro 	71476893	-1
100	Atelier Amaro 	71705791	0
110	Atelier Amaro 	80255450	5
120	Atelier Amaro 	71476894	0 WL klimakonwektory
130	Atelier Amaro 	80255449	+5 WL AHU N2
140	Atelier Amaro 	1818137046	0
150	Atelier Amaro 	2316311028	0 AHU R5
160	Atelier Amaro 	2316326003	0 RW4
170	Atelier Amaro 	2316371014	Magazyn -1.5
180	Audi	60882996	1
190	Audi	78647937	1
200	Audi	78647936	0
210	Audi	78675880	-1
220	Audi	78647935	+1 WL
230	Audi	78647934	0 WL
240	Audi	78675881	+1 WL Serwerownia
250	Audi	1816331023	-2 RGNN  2Q3
260	CH-1 (pom. seewald)	1816331030	5
270	CH-2 (pom. seewald)	1816331016	5
280	CH-3 (pom. seewald)	1816331005	5
290	Culinaryon	67887353	CT
300	Culinaryon	71670106	CT klimakonwektory
310	Culinaryon	71595107	\N
320	Culinaryon	191061232A	5
330	Culinaryon	191183429A	5
340	Culinaryon	48503028H16492010696	Pow. 0.06
350	Culinaryon	48503026G16402010565	Pow. 0.13
360	Culinaryon	48503028H16492010700	Pow. 1.06
370	Culinaryon	2316326009	\N
380	Culinaryon	71670180	0 WL
390	Culinaryon	71595108	0 WL
400	Culinaryon	71516192	0 WL
410	Davide	58376978	\N
420	Davide	71150833	CT klimakonwektory
430	Davide	71150834	CT klimakonwektory
440	Davide	67884165	CT
450	Davide	71647821	CT klimakonwektory
460	Davide	71644762	0
470	Davide	71644763	1
480	Davide	71644764	1
490	Davide	48503026H16472010063	Pow. 1.03
500	Davide	48503026H16502010252	Pow. 0.03
510	Davide	48503026G16412011087	Pow. 1.02
520	Davide - Corneliani	71649391	0, rewizja w szafie
530	Davide - Corneliani	71649394	0, rewizja w szafie
540	Davide - Corneliani	71649395	\N
550	Davide - Corneliani	67884167	CT
560	Davide - Corneliani	48503026H16502010237	Pow. 0.02
570	Davide - Fabiana Filippi	58376979	0
580	Davide - Fabiana Filippi	71612821	0 CT klimakonwektory
590	Davide - Fabiana Filippi	67884164	CT
600	Davide - Fabiana Filippi	71612822	0 WL
610	Davide - fabiana Fillipi	48503026G16402010541	Pow. 0.04
620	Davide -Corneliani	71649390	1
630	E.ON	190405578A	4
640	E.ON	71522586	+4 CT klimakonwektory
650	E.ON	71571363	+4 WL klimakonwektory
660	E.ON	71571362	+4 WL Serwerownia
670	E.ON	1818415001	4
680	Green Caffe Nero	57760157	0
690	Green Caffe Nero	80087616	0
700	Green Caffe Nero	80087615	0
710	Green Caffe Nero	67676944	-1
720	Green Caffe Nero	80120070	0 WL
730	Green Caffe Nero	80120069	0 WL
740	Green Caffe Nero	80137646	+1 WL
750	Green Caffe Nero	48503028H16492010698	0 TL 0.08
760	HBO	60600683	5
770	HBO	78478336	5
780	HBO	62065865	5
790	HBO	62065880	+5 WL Serwerownia
800	HBO	620665881	+5 WL Serwerownia
810	HBO	620665888	+5 WL 
820	HBO	78478337	+5 WL 
830	HBO	1817261024	+5 pom. 5.6
840	HBO	2316326004	+5 AHU1_5
850	HBO	2316371009	-1 Magazyn HBO
860	HBO - podlewanie dachu	160559458	5
870	Heban	48503026H16472010039	0
880	Heban	72461135	-1
890	Heban	72461134	0
900	Heban	72497589	0
910	Heban	21728054	0
920	Hogan Lovells	77902822	4
930	Hogan Lovells	77902823	4
940	Hogan Lovells	62065868	4
950	Hogan Lovells	62065875	4
960	Hogan Lovells	78251257	+4 WL 
970	Hogan Lovells	62065883	+4 WL Serwerownia
980	Hogan Lovells	78251265	+4 WL 
990	Hogan Lovells	1817261013	+4 TN-1.4
1000	Hogan Lovells	1817174066	+4 TN-3.4
1010	Hogan Lovells	1517162019	+4 TNK-1.4
1020	Hogan Lovells	1517311047	+4 Licznik LOGO
1030	Hogan Lovells	2316325006	+4 AHU 1_4
1040	Hogan Lovells	2316354008	+4 AHU 2_4
1050	IT Ergo	I17FA358457 T	2
1060	IT Ergo	I17FA358454 Q	2
1070	IT Ergo	119EA020537	2
1080	IT Ergo	62065866	2
1090	IT Ergo	62065874	2
1100	IT Ergo	62065885	+2 WL Serwerownia
1110	IT Ergo	78251263	+2 WL 
1120	IT Ergo	62065882	+2 WL Serwerownia
1130	IT Ergo	78251266	+2 WL 
1140	IT Ergo	2317445001	+2 TNK-1.2
1150	IT Ergo	2317445010	+2 TN-1.2
1160	IT Ergo	2317384011	+2 TNK-2.2
1170	IT Ergo	2317445019	+2 TN-2.2
1180	IT Ergo	2317441033	+2 TNK-3.2
1190	IT Ergo	2317441065	+2 TN-3.2
1200	IT Ergo	2316362006	+2 AHU 1_2
1210	IT Ergo	2316371001	+2 AHU 2_2
1220	IT Ergo	2316362010	+2 AHU 3_2
1230	ITP S.A.	48503026H16502010235	0
1240	Leonardo	181195981A	3
1250	Leonardo	71496751	3
1260	Leonardo	71497211	+3 WL 
1270	Leonardo	71497210	+3 WL Serwerownia
1280	Leonardo	2318355029	+ 3TN 4.3
1290	Leonardo	2318332002	+3 TNK 4.3
1300	Les Amis	181235653A	0
1310	Les Amis	71512149	0
1320	Les Amis	71512150	0
1330	Les Amis	71512151	0
1340	Les Amis	71512152	0
1350	Les Amis	71512153	0
1360	Les Amis	71512145	0 WL
1370	Les Amis	71512144	0 WL
1380	Les Amis	71512148	0 WL
1390	Les Amis	71512147	0 WL
1400	Les Amis	71512146	0 WL
1410	Les Amis	1818244023	RR
1420	Les Amis	1816332087	RZ
1430	Les Amis	2316362007	R4
1440	Les Amis	2316371005	R3KZ
1450	Les Amis	2316362003	R4KZ
1460	MBDA	36254453	3
1470	MBDA	78675879	3
1480	MBDA	78675971	+3 WL
1490	MBDA	78676883	+3 WL
1500	MBDA	48503026H16502010245	+3 TN
1510	MBDA	48503026H16502010251	+3 TNK
1520	NDI	18726655	3
1530	NDI	80091629	3
1540	NDI	80091631	+3 WL
1550	NDI	80091630	+3 WL
1560	NDI	2318245036	+3 TB-L3
1570	P4	2316362011	-2 T-TEL
1580	PZFD	190037778A	4
1590	PZFD	80443474	4
1600	PZFD	80446698	4
1610	PZFD	2319334053	4
1620	Redford&Grant	71876833	0
1630	Redford&Grant	71888359	0
1640	Redford&Grant	71834619	0
1650	Redford&Grant	181106629A	1
1660	Redford&Grant	71297057	1
1670	Redford&Grant	71230687	+1 WL
1680	Redford&Grant	1816331007	-2 RGNN
1690	RPCH\nPompy	1816332105	-2
1700	Seewald	1920543256	5
1710	Seewald	60587375	5
1720	Seewald	62065877	5
1730	Seewald	78251259	+5 WL 
1740	Seewald	272103494	+5 RN
1750	Seewald	272103657	+5 RNK
1760	Solutions Rent	181195090	0
1770	Solutions Rent	181195096A	1
1780	Solutions Rent	181072960A	1
1790	Solutions Rent	181173780A	3
1800	Solutions Rent	181174659A	3
1810	Solutions Rent	181174655A	3
1820	Solutions Rent	80272795	0
1830	Solutions Rent	80108185	0
1840	Solutions Rent	80138392	0
1850	Solutions Rent	80272797	1
1860	Solutions Rent	80272796	1
1870	Solutions Rent	62065876	3
1880	Solutions Rent	80271297	0 WL
1890	Solutions Rent	71259540	+1 WL Serwerownia
1900	Solutions Rent	80271298	+1 WL
1910	Solutions Rent	80271273	+1 WL
1920	Solutions Rent	62065884	+3 WL Serwerownia
1930	Solutions Rent	78251262	+3 WL
1940	Solutions Rent	2316362002	AHU 1_3
1950	Solutions Rent	2316362014	AHU R6
1960	Solutions Rent	2318334011	0 TN-1.0
1970	Solutions Rent	1816331002	+1 TN-2.1 (TU3)
1980	Solutions Rent	2318334004	+1 TNK-2.1
1990	Solutions Rent	2316354003	+1 TN-1.1 (TU5)
2000	Solutions Rent	2318352007	+3 TN-1.3
2010	Solutions Rent	2318341005	+3 TNK-2.3
2020	Solutions Rent	2318341010	+3 TN-2.3
2030	W.Kruk	161032832	-1
2040	W.Kruk	1816344019	-2
2050	W.Kruk	2316354002 - winda	-2
2060	Wodomierz główny	17803108	-1
2070	\N	\N	\N
2080	Centrale wentylacyjne	NR LICZNIKA	LOKALIZACJA
2090	AHU 2_5 (pom HBO)	2316354013	5
2100	AHU 3_3 (pom NDI)	2316326010	3
2110	AHU R2 (pom AUDI)	2316362018	0
2120	AHU R1 (pom Almi Decor)	2316326007	1
2130	AHU 2_3 (pom MBDA)	2316371007	3
2140	AHU 3_4 (pom EON)	2316354011	4
2150	AHU R3 (pom Les Amis)	2316371016	0
\.


--
-- Name: najemcy_id_seq; Type: SEQUENCE SET; Schema: public; Owner: czarek
--

SELECT pg_catalog.setval('public.najemcy_id_seq', 14, true);


--
-- Name: liczniki liczniki_kolejnosc_key; Type: CONSTRAINT; Schema: public; Owner: czarek
--

ALTER TABLE ONLY public.liczniki
    ADD CONSTRAINT liczniki_kolejnosc_key UNIQUE (kolejnosc_pdf);


--
-- Name: liczniki liczniki_pkey; Type: CONSTRAINT; Schema: public; Owner: czarek
--

ALTER TABLE ONLY public.liczniki
    ADD CONSTRAINT liczniki_pkey PRIMARY KEY (adres);


--
-- Name: najemcy najemcy_pkey; Type: CONSTRAINT; Schema: public; Owner: czarek
--

ALTER TABLE ONLY public.najemcy
    ADD CONSTRAINT najemcy_pkey PRIMARY KEY (id);


--
-- Name: odczyty odczyty_pkey; Type: CONSTRAINT; Schema: public; Owner: czarek
--

ALTER TABLE ONLY public.odczyty
    ADD CONSTRAINT odczyty_pkey PRIMARY KEY (data, adres);


--
-- Name: rodzaje_licz rodzaje_licz_pkey; Type: CONSTRAINT; Schema: public; Owner: czarek
--

ALTER TABLE ONLY public.rodzaje_licz
    ADD CONSTRAINT rodzaje_licz_pkey PRIMARY KEY (rodzaj);


--
-- Name: liczniki liczniki_najemca_fkey; Type: FK CONSTRAINT; Schema: public; Owner: czarek
--

ALTER TABLE ONLY public.liczniki
    ADD CONSTRAINT liczniki_najemca_fkey FOREIGN KEY (najemca) REFERENCES public.najemcy(id);


--
-- Name: liczniki liczniki_rodzaj_fkey; Type: FK CONSTRAINT; Schema: public; Owner: czarek
--

ALTER TABLE ONLY public.liczniki
    ADD CONSTRAINT liczniki_rodzaj_fkey FOREIGN KEY (rodzaj) REFERENCES public.rodzaje_licz(rodzaj);


--
-- Name: odczyty odczyty_adres_fkey; Type: FK CONSTRAINT; Schema: public; Owner: czarek
--

ALTER TABLE ONLY public.odczyty
    ADD CONSTRAINT odczyty_adres_fkey FOREIGN KEY (adres) REFERENCES public.liczniki(adres);


--
-- Name: ordung ordung_adres_fkey; Type: FK CONSTRAINT; Schema: public; Owner: czarek
--

ALTER TABLE ONLY public.ordung
    ADD CONSTRAINT ordung_adres_fkey FOREIGN KEY (adres) REFERENCES public.liczniki(adres);


--
-- PostgreSQL database dump complete
--

