--
-- PostgreSQL database dump
--

-- Dumped from database version 12.9 (Ubuntu 12.9-0ubuntu0.20.04.1)
-- Dumped by pg_dump version 12.9 (Ubuntu 12.9-0ubuntu0.20.04.1)

SET statement_timeout = 0;
SET lock_timeout = 0;
SET idle_in_transaction_session_timeout = 0;
SET client_encoding = 'UTF8';
SET standard_conforming_strings = on;
SELECT pg_catalog.set_config('search_path', '', false);
SET check_function_bodies = false;
SET xmloption = content;
SET client_min_messages = warning;
SET row_security = off;

--
-- Name: srednia(character varying, date, integer); Type: FUNCTION; Schema: public; Owner: czarek
--

CREATE FUNCTION public.srednia(adr character varying, dt date, okres integer DEFAULT 12) RETURNS numeric
    LANGUAGE plpgsql
    AS $$
DECLARE
	wynik decimal(10,3);
	dt_start date;

BEGIN

	dt_start = dt-(concat(okres,' month')::interval);
	wynik := ((SELECT odczyt FROM odczyty WHERE data = dt AND adres=adr)
       		 - (SELECT odczyt FROM odczyty WHERE data =dt_start  AND adres=adr))/okres;	
	RETURN wynik;
END;
$$;


ALTER FUNCTION public.srednia(adr character varying, dt date, okres integer) OWNER TO czarek;

--
-- Name: zuzycie(character varying, date); Type: FUNCTION; Schema: public; Owner: czarek
--

CREATE FUNCTION public.zuzycie(adr character varying, dt date) RETURNS numeric
    LANGUAGE plpgsql
    AS $$
DECLARE
	wynik decimal(10,3);

BEGIN
	wynik := (SELECT odczyt FROM odczyty WHERE data = dt AND adres=adr)
       		 - (SELECT odczyt FROM odczyty WHERE data =dt-interval '1 month'  AND adres=adr);	
	RETURN wynik;
END;
$$;


ALTER FUNCTION public.zuzycie(adr character varying, dt date) OWNER TO czarek;

SET default_tablespace = '';

SET default_table_access_method = heap;

--
-- Name: liczniki; Type: TABLE; Schema: public; Owner: czarek
--

CREATE TABLE public.liczniki (
    adres character varying NOT NULL,
    nr_fabryczny character varying,
    opis character varying,
    lokalizacja character varying,
    rodzaj character varying(3),
    kolejnosc_pdf integer,
    najemca integer,
    kolejnosc_exel integer,
    uwagi character varying
);


ALTER TABLE public.liczniki OWNER TO czarek;

--
-- Name: najemcy; Type: TABLE; Schema: public; Owner: czarek
--

CREATE TABLE public.najemcy (
    id integer NOT NULL,
    nazwa character varying,
    telefon character varying
);


ALTER TABLE public.najemcy OWNER TO czarek;

--
-- Name: najemcy_id_seq; Type: SEQUENCE; Schema: public; Owner: czarek
--

CREATE SEQUENCE public.najemcy_id_seq
    AS integer
    START WITH 1
    INCREMENT BY 1
    NO MINVALUE
    NO MAXVALUE
    CACHE 1;


ALTER TABLE public.najemcy_id_seq OWNER TO czarek;

--
-- Name: najemcy_id_seq; Type: SEQUENCE OWNED BY; Schema: public; Owner: czarek
--

ALTER SEQUENCE public.najemcy_id_seq OWNED BY public.najemcy.id;


--
-- Name: odczyty; Type: TABLE; Schema: public; Owner: czarek
--

CREATE TABLE public.odczyty (
    data date NOT NULL,
    adres character varying NOT NULL,
    odczyt double precision
);


ALTER TABLE public.odczyty OWNER TO czarek;

--
-- Name: ordung; Type: TABLE; Schema: public; Owner: czarek
--

CREATE TABLE public.ordung (
    adres character varying,
    kolejnosc integer
);


ALTER TABLE public.ordung OWNER TO czarek;

--
-- Name: rodzaje_licz; Type: TABLE; Schema: public; Owner: czarek
--

CREATE TABLE public.rodzaje_licz (
    rodzaj character varying(3) NOT NULL,
    rodzaj_licznika character varying,
    jednostka character varying
);


ALTER TABLE public.rodzaje_licz OWNER TO czarek;

--
-- Name: wyniki; Type: VIEW; Schema: public; Owner: czarek
--

CREATE VIEW public.wyniki AS
 SELECT ordung.kolejnosc,
    odczyty.data,
    liczniki.adres,
    liczniki.nr_fabryczny,
    odczyty.odczyt,
    rodzaje_licz.jednostka,
    public.srednia(odczyty.adres, odczyty.data, 3) AS srednia,
    public.zuzycie(odczyty.adres, odczyty.data) AS zuzycie,
    (
        CASE
            WHEN (public.srednia(odczyty.adres, odczyty.data, 3) = (0)::numeric) THEN (0)::numeric
            ELSE (((public.zuzycie(odczyty.adres, odczyty.data) - public.srednia(odczyty.adres, odczyty.data, 3)) * (100)::numeric) / public.srednia(odczyty.adres, odczyty.data, 3))
        END)::numeric(10,2) AS wzrost_procent_wzgledem_sredniej
   FROM (((public.odczyty
     RIGHT JOIN public.liczniki USING (adres))
     JOIN public.ordung ON (((liczniki.adres)::text = (ordung.adres)::text)))
     LEFT JOIN public.rodzaje_licz USING (rodzaj))
  ORDER BY odczyty.data DESC, ordung.kolejnosc;


ALTER TABLE public.wyniki OWNER TO czarek;

--
-- Name: najemcy id; Type: DEFAULT; Schema: public; Owner: czarek
--

ALTER TABLE ONLY public.najemcy ALTER COLUMN id SET DEFAULT nextval('public.najemcy_id_seq'::regclass);


--
-- Data for Name: liczniki; Type: TABLE DATA; Schema: public; Owner: czarek
--

COPY public.liczniki (adres, nr_fabryczny, opis, lokalizacja, rodzaj, kolejnosc_pdf, najemca, kolejnosc_exel, uwagi) FROM stdin;
LM_LC_ADR151	78059564	Główny licznik ciepła budynku L-1 (78059564)	\N	LC	130	\N	90	\N
LM_LH_ADR198	78251269	Licznik chłodu obiegu FC - FR L-2 (78251269)	\N	LH	360	\N	110	\N
LM_LH_ADR194	78251261	Licznik chłodu obieg AHU - AO L-2 (78251261)	\N	LH	1410	\N	130	\N
LM_LH_ADR195	78251260	Licznik chłodu AHU - AR (78251260)	\N	LH	340	\N	140	\N
LM_LH_ADR196	78251264	Licznik chłodu obiegu serwerowni S - L-2 (78251264)	\N	LH	350	\N	150	\N
LM_LC_ADR157	62065866	Licznik ciepła FC najemcy L02 - obieg FO (HC05, HC08) IT ERGO (62065866)	\N	LC	170	\N	430	\N
LM_LH_ADR199	78251263	Licznik chłodu FC L02 - obieg FO IT ERGO (HC05, HC08) (78251263)	\N	LH	80	\N	440	\N
LM_LH_ADR211	62065882	Licznik chłodu serwerownia najemcy L02 - S (HC01) (62065882)	\N	LH	410	\N	450	\N
LM_LH_ADR203	78251266	Licznik chłodu FC L02 - obieg FO IT ERGO (HC01) (78251266)	\N	LH	380	\N	460	\N
LM_WOD_ADR236	21728054	Wodomierz Heban L00 (21728054)	\N	WOD	2730	14	1340	\N
LM_LC_ADR159	72461134	Licznik ciepła - Heban L00 (72461134)	\N	LC	2700	14	1350	\N
LM_LH_ADR167	72497589	Licznik chłodu - Heban L00 (72497589)	\N	LH	2720	14	1360	\N
LM_ELE_ADR007	2316325006	AHU 1.4 HOGAN LOVELLS (63325006)	\N	ELE	1830	\N	680	\N
LM_WOD_ADR146	17803108	Główny wodomierz (11036701)	\N	WOD	1660	\N	10	\N
LM_LC_ADR160	72461135	Licznik ciepła - Heban grzejniki (licznik na L-1) (72461135)	\N	LC	2710	14	1370	\N
----	\N	---	\N	\N	\N	\N	\N	---
LM_LH_ADR204	78251262	Licznik chłodu Solution Space L03 szacht (78251262)	\N	LH	390	\N	1640	\N
LM_LC_ADR209	71476893	Licznik ciepła  - Amaro L00 (71476893)	\N	LC	290	\N	1790	\N
LM_LH_ADR122	71595108	Licznik chłodu - Centrale CulinaryOn (71595108)	\N	LH	320	\N	1980	\N
LM_WOD_ADR_B80	58376978	Wodomierz - Davide Lifestyle (58376978)	\N	WOD	2360	\N	2160	\N
LM_LH_ADR189	71512143	Licznik chłodu - Les Amis L01 (strefa 2B) (71512143)	\N	LH	330	\N	2310	\N
LM_ELE_ADR090	2318334011	SP 3 - Tablica TN 3.5 - Solution Space L00 (65334011)	\N	ELE	2150	\N	1460	Do sprawdzenia, w pliku jest TN-1.0, modyfikacja na podstawie 2 poprzednich odczytów
LM_ELE_ADR121	1818137046	Amaro L00 (35137046)	Amaro, we od recepcji Pl. 3 Krzyży, korytarzyk w lewo, po lewej tablica elektryczna	ELE	1740	13	1840	Błędne odczyty (skok) w pdf, nr fabryczny zgodny z fizycznym licznikiem
LM_LC_ADR162	62065876	Licznik ciepła - Solution Space L03 (62065876)	\N	LC	190	\N	1630	\N
LM_LC_ADR182	71496751	Licznik ciepła - Leonardo (71496751)	\N	LC	1290	\N	1720	\N
LM_LH_ADR233	71497211	Licznik chłodu Leonardo L03 (71497211)	\N	LH	1530	\N	1730	\N
LM_LH_ADR234	71497210	Licznik chłodu Leonardo L03 (71497210)	\N	LH	500	\N	1740	\N
LM_LH_ADR235	71476894	Licznik chłodu - Amaro L00 (71476894)	\N	LH	510	\N	1800	\N
LM_LC_ADR185	71612821	Licznik ciepła - Fabiana Filippi L00 (71612821)	\N	LC	1310	\N	2090	\N
LM_LH_ADR225	71612822	Licznik chłodu - Fabiana Filippi L00 (71612822)	\N	LH	1480	\N	2100	\N
LM_LC_ADR_B16	71150833	Licznik ciepła - Davide Lifestyle L00 (71150833)	\N	LC	2600	\N	2180	\N
LM_LH_ADR_B21	71644763	Licznik chłodu - Davide Lifestyle L01 (71644763)	\N	LH	1110	\N	2210	\N
LM_LH_ADR_B19	71644764	Licznik chłodu - Davide Lifestyle L01 (71644764)	\N	LH	1100	\N	2230	\N
LM_LC_ADR184	71512150	Licznik ciepła - Les Amis (strefa 2B) (71512150)	\N	LC	260	\N	2300	\N
LM_LC_ADR149	71512149	Licznik ciepła - Les Amis (71512149)	\N	LC	1220	\N	2320	\N
LM_LH_ADR145	71512145	Licznik chłodu - Les Amis (71512145)	\N	LH	1360	\N	2330	\N
LM_LH_ADR190	71512144	Licznik chłodu - Les Amis L01 (strefa 2A) (71512144)	\N	LH	1380	\N	2350	\N
LM_LC_ADR186	71512152	Licznik ciepła - Les Amis (strefa 2A bliżej 1C) (71512152)	\N	LC	270	\N	2360	\N
LM_LH_ADR200	78251258	Licznik chłodu FC L03 - obieg FO (HC05, HC08) (78251258)	\N	LH	370	\N	\N	\N
LM_LH_ADR208	62065887	Licznik chłodu serwerownia najemcy L03 - S (HC05) (62065887)	\N	LH	400	\N	\N	\N
LM_ELE_ADR095	2317384011	SP K2 - Tablica TNK 2.2 IT ERGO (64384011)	\N	ELE	870	\N	500	\N
LM_LC_ADR93	67884164	Licznik ciepła - grzejnik Fabiana (67884164)	\N	LC	1350	\N	2110	\N
LM_LC_ADR_B22	71649394	Licznik ciepła - Fabiana L00 (71649394)	\N	LC	2460	\N	2130	\N
LM_LC_ADR_B20	71150834	Licznik ciepła - Davide Lifestyle L01 (71150834)	\N	LC	2450	\N	2200	\N
LM_LC_ADR_B18	71647821	Licznik ciepła - Davide Lifestyle L01 (71647821)	\N	LC	2440	\N	2220	\N
LM_LC_ADR89	67884165	Licznik ciepła - grzejnik Davide (67884165)	\N	LC	1340	\N	2240	\N
LM_LC_ADR_B24	71649395	Licznik ciepła - Corneliani L01 (71649395)	\N	LC	2470	\N	2250	\N
LM_LC_ADR183	71512151	Licznik ciepła - Les Amis (strefa 2A) (71512151)	\N	LC	1300	\N	2340	\N
LM_WOD_ADR242	181195090	Wodomierz Solution Space L00 (18734962)	\N	WOD	2310	\N	1410	\N
LM_WOD_ADR249_Solution Space	181174659A	Wodomierz Solution Space kuchnia 1 (18733477)	\N	WOD	100	\N	1600	\N
LM_LH_ADR191	71512148	Licznik chłodu - Les Amis L01 (strefa 2A bliżej 1C) (71512148)	\N	LH	1390	\N	2370	\N
LM_LC_ADR187	71512153	Licznik ciepła - Les Amis (strefa 3D) (71512153)	\N	LC	280	\N	2380	\N
LM_LH_ADR192	71512147	Licznik chłodu - Les Amis L01 (strefa 3D) (71512147)	\N	LH	1400	\N	2390	\N
LM_LH_ADR188	71512146	Licznik chłodu - Les Amis L00 (strefa 4B) (71512146)	\N	LH	1370	\N	2410	\N
LM_LC_ADR193	67884166	Licznik ciepła - Les Amis (nad barem) (67884166)	\N	LC	2660	\N	2400	\N
LM_LH_ADR_B34	62065880	Licznik chłodu serwerownia najemcy L05 HBO serw - S (HC05) (62065880)	\N	LH	1120	\N	2690	\N
LM_ELE_ADR115	2316371005	AHU R3KZ Les Amis (63371005)	\N	ELE	90	\N	2450	\N
LM_ELE_ADR028	2316362014	AHU R6 SOLUTION SPACE L01 (63362014)	\N	ELE	1950	\N	1580	\N
LM_ELE_ADR012	2316362002	AHU 1.3 SOLUTION SPACE L03 (63362002)	\N	ELE	540	\N	1680	\N
LM_LC_ADR224	71705791	Licznik ciepła - Amaro grzejniki  (licznik na L-1) (71505791)	\N	LC	1330	\N	1810	\N
LM_ELE_ADR078	48503028H16492010696	SP U4 - powierzchnia 0.06 CulinaryOn (16230375)	\N	ELE	50	\N	1910	\N
LM_LC_ADR123	71595107	Licznik ciepła - Centrale CulinaryOn (71595107)	\N	LC	120	\N	1970	\N
LM_WOD_ADR_B81	58376979	Wodomierz - Fabiana (58376979)	\N	WOD	2370	\N	2080	\N
LM_LH_ADR_B36	62065883	Licznik chłodu serwerownia najemcy L04 Hogan serw - S (HC01) (62065883)	\N	LH	2550	\N	2620	\N
LM_ELE_ADR031	1816331002	Solution Tn-2.1 - TU3 (33331002)	\N	ELE	630	\N	1550	\N
LM_ELE_ADR027	2316311028	AHU R5 AMARO (63311028)	\N	ELE	580	\N	1850	\N
LM_ELE_ADR001	2316354011	AHU 3.4 EON (63354011)	\N	ELE	1790	\N	2070	\N
LM_ELE_ADR113	2316371016	AHU R3 LES AMIS (63371016)	\N	ELE	2200	\N	2440	\N
LM_ELE_ADR117	2316362003	AHU R4KZ (63362003)	\N	ELE	1560	\N	2470	\N
LM_WOD_ADR247_Solution Space	181072960A	Wodomierz Solution Space łazienki L01 (18734980)	\N	WOD	1760	\N	1480	\N
LM_WOD_ADR246_Solution Space	181195096A	Wodomierz Solution Space kuchnia L01 (18734955)	\N	WOD	1010	\N	1490	\N
LM_WOD_ADR250_Solution Space	181173780A	Wodomierz Solution Space łazienki L03 (18733482)	\N	WOD	1770	\N	1590	\N
LM_WOD_ADR248_Solution Space	181174655A	Wodomierz Solution Space kuchnia 2 (18733476)	\N	WOD	1020	\N	1610	\N
LM_WOD_ADR239	181195981A	Wodomierz Leonardo L03 (18739958)	\N	WOD	1710	\N	1710	\N
LM_WOD_ADR238	180702718A	Wodomierz Amaro L00 (18740019)	\N	WOD	1700	\N	1780	\N
LM_WOD_ADR_B75	191183429A	Wodomierz- zimna woda - CulinaryOn (19726823)	\N	WOD	2340	\N	1890	\N
LM_WOD_ADR_B74	190405578A	Wodomierz - EON (19700657)	\N	WOD	2250	\N	2020	\N
LM_ELE_ADR099	2318352007	SP K3 - Tablica TN 1.3 - Solution Space L03 (65352007)	\N	ELE	900	\N	1650	\N
LM_WOD_ADR237	181235653A	Wodomierz LES AMIS (18740005)	\N	WOD	1690	\N	2290	\N
LM_ELE_ADR094	1818244023	Licznik elektryczny - Les Amis L01 (35244023)	\N	ELE	860	\N	2420	\N
LM_ELE_ADR029	2319334053	Licznik elektryczny - PZFD L03 (66334053)	\N	ELE	620	\N	2510	\N
LM_ELE_ADR107	1818415001	EON L04 (35415001)	\N	ELE	2160	\N	2060	\N
LM_ELE_ADR110	2316371014	Amaro - magazyn (63371014)	\N	ELE	2190	\N	1870	\N
LM_LH_ADR228	80271297	Licznik chłodu Solution Space L00 (80271297)	\N	LH	1510	\N	1430	\N
LM_LC_ADR165	80108185	Licznik ciepła - Solution Space grzejniki L-1 (80108185)	\N	LC	1250	\N	1440	\N
LM_LC_ADR166	80138392	Licznik ciepła - Solution Space grzejniki L-1 (80138392)	\N	LC	1260	\N	1450	\N
LM_LC_ADR181	80272797	Licznik ciepła  - Solution Space L01 (80272797)	\N	LC	1280	\N	1510	\N
LM_LH_ADR230	80271298	Licznik chłodu Solution Space L01 (80271298)	\N	LH	1540	\N	1520	\N
LM_LC_ADR180	80272796	Licznik ciepła  - Solution Space L01 (80272796)	\N	LC	1270	\N	1530	\N
LM_LH_ADR229	80271273	Licznik chłodu Solution Space L01 (80271273)	\N	LH	480	\N	1540	\N
LM_LH_ADR_B44	80255450	Licznik chłodu Centrala Amaro (80255450)	\N	LH	2570	\N	1820	\N
LM_LH_ADR219	78675971	Licznik chłodu L03 MBDA (78675971)	\N	LH	1450	\N	1220	\N
LM_LH_ADR220	78676883	Licznik chłodu L03 MBDA serwerownia (78676883)	\N	LH	1460	\N	1230	\N
LM_WOD_ADR140	161032832	Wodomierz piano 1 W.Kruk (16803910)	\N	WOD	990	\N	710	\N
LM_ELE_ADR098	2317441033	SP K3 - Tablica TNK 3.2 IT ERGO (64441033)	\N	ELE	890	\N	520	\N
LM_LC_ADR_B43	80255449	Licznik ciepła  - Centrala Amaro (80255449)	\N	LC	2500	\N	1830	\N
LM_LH_ADR227	80120069	Licznik chłodu L00 - GCN/Almidecor (80120069)	\N	LH	470	\N	2000	\N
LM_LH_ADR_B17	71644762	Licznik chłodu - Davide Lifestyle L00 (71644762)	\N	LH	2610	\N	2190	\N
LM_ELE_ADR101	2318332002	Leonardo L03 TNK 4.3 (65332002)	\N	ELE	920	\N	1760	Nr fabryczny na podstawie pliku excel i poprzednich odczytów
LM_ELE_ADR014	2316362007	Centrala AHU R4 Les Amis (63362007)	\N	ELE	1870	\N	2460	\N
LM_ELE_ADR091	2316362011	P4 centrala telefoniczna Play (63362011)	\N	ELE	2350	\N	2520	\N
LM_WOD_ADR_B79	191061232A	Wodomierz - ciepła woda - CulinaryOn (19726824)	\N	WOD	2620	\N	1880	\N
LM_LC_ADR32	80443474	Licznik ciepła - PZFD L03 (80443474)	\N	LC	300	\N	2490	\N
LM_ELE_ADR100	2318355029	Leonardo L03 TN4.3 (65355029)	\N	ELE	910	\N	1750	\N
LM_ELE_ADR077	48503026G402010565	SP U4 - powierzchnia 0.13 CulinaryOn (16350655)	\N	ELE	820	\N	1920	\N
LM_ELE_ADR086	2318334004	SP 2 - Tablica TN 2.4 - Space Solution L01 (65334004)	\N	ELE	840	\N	1560	Do sprawdzenia, w pliku jest TNK-2.1, modyfikacja na podstawie 2 poprzednich odczytów
LM_LH_ADR197	78251268	Licznik chłodu obiegu FC - FO L-2 (78251268)	\N	LH	1430	\N	120	\N
LM_LC_ADR103	67676944	Licznik ciepła - grzejnik GCN (67676944)	\N	LC	1190	\N	370	\N
LM_LH_ADR207	62065885	Licznik chłodu serwerownia IT ERGO (62065885)	\N	LH	1420	\N	420	\N
LM_LC_ADR_B32	62065875	Licznik ciepła FC najemcy L04 Hogan1- obieg FO (HC01) (62065875)	\N	LC	1080	\N	640	\N
LM_LC_ADR_B33	62065877	Licznik ciepła FC najemcy L05 Seewald - obieg FO (HC05, HC08) (62065877)	\N	LC	1090	\N	880	\N
LM_LH_ADR218	78647935	Licznik chłodu FC L01 - AUDI (78647935)	\N	LH	440	\N	980	\N
LM_LC_ADR102	67219624	Licznik ciepła - grzejnik Almidecor (67219624)	\N	LC	1180	\N	1100	\N
LM_LH_ADR221	71230687	Licznik chłodu L01 - ZEGNA (71230687)	\N	LH	450	\N	1290	\N
LM_LC_ADR163	71888359	Licznik ciepła - ZEGNA L00 (71888359)	\N	LC	590	\N	1300	\N
LM_LC_ADR164	71876833	Licznik ciepła - ZEGNA grzejniki L00 (71876833)	\N	LC	600	\N	1320	\N
LM_LC_ADR_B30	62065865	Licznik ciepła FC najemcy HBO L05 - obieg FO (HC01) (62065865)	\N	LC	1070	\N	800	\N
LM_LH_ADR212	62065884	Licznik chłodu Solution Space L03 serwerownia (62065884)	\N	LH	420	\N	1620	\N
LM_LC_ADR104	67887353	Licznik ciepła - grzejnik CulinaryOn (67887353)	\N	LC	1200	\N	1940	\N
LM_LC_ADR_B26	71670106	Licznik ciepła - CulinaryOn L00 (71670106)	\N	LC	1060	\N	1950	\N
LM_LH_ADR_B47	71571363	Licznik chłodu - EON (71571363)	\N	LH	2240	\N	2040	\N
LM_LH_ADR_B46	71571362	Licznik chłodu - EON serwerownia (71571362)	\N	LH	2230	\N	2050	\N
LM_LH_ADR_B23	71649391	Licznik chłodu - Fabiana L00 (71649391)	\N	LH	2510	\N	2120	\N
LM_LH_ADR_B25	71649390	Licznik chłodu - Corneliani L01 (71649390)	\N	LH	2520	\N	2260	\N
LM_ELE_ADR062	48503026G16402010541	SP U1 - Powierzchnia 0.04 - Fabiana Filippi L00 (16280856)	\N	ELE	750	\N	2140	\N
LM_LH_ADR231	71259540	Licznik chłodu Solution Space L01 (71259540)	\N	LH	490	\N	1500	\N
LM_ELE_ADR065	BRAK	SP U1 - Powierzchnia 1.03	\N	ELE	760	\N	\N	\N
LM_ELE_ADR068	16390068	SP U2 - Heban - Powierzchnia 0.07 (16390068)	\N	ELE	780	\N	1380	\N
LM_LH_ADR_B37	62065888	Licznik chłodu serwerownia najemcy L05  HBO serw- S (HC01) (62065888)	\N	LH	1130	\N	\N	\N
LM_ELE_ADR067	16380761	SP U1 - Powierzchnia 1.05 (16380761)	\N	ELE	770	\N	\N	\N
LM_ELE_ADR070	16350646	SP U2 - Powierzchnia 0.12 (16350646)	\N	ELE	790	\N	\N	\N
LM_ELE_ADR073	BRAK	SP U3 - Powierzchnia 0.10	\N	ELE	810	\N	\N	\N
LM_ELE_ADR023	63326018	Tablice T-TOZ (63326018)	\N	ELE	1930	\N	\N	\N
LM_ELE_ADR025	33344014	Tablice TA 2.-1, TA 2.2, TA 2.3, TA 2.4 (33344014)	\N	ELE	1940	\N	\N	\N
LM_ELE_ADR034	63325002	T-TEL (63325002)	\N	ELE	1960	\N	\N	\N
LM_ELE_ADR036	63326008	Rozdzielnica TWC2 (63326008)	\N	ELE	1970	\N	\N	\N
LM_ELE_ADR040	63284001	Tablica T-OGS (rezerwa) (63284001)	\N	ELE	1990	\N	\N	\N
LM_ELE_ADR042	63182019	Winda W1 (63182019)	\N	ELE	2000	\N	\N	\N
LM_ELE_ADR044	63354012	Winda W3 (63354012)	\N	ELE	2010	\N	\N	\N
LM_ELE_ADR048	63325012	Winda W8 (63325012)	\N	ELE	2020	\N	\N	\N
LM_ELE_ADR051	63284036	Tablica TP 1.-2 (63284036)	\N	ELE	2030	\N	\N	\N
LM_ELE_ADR053	63265005	Tablica TP 2.-1 (63265005)	\N	ELE	2040	\N	\N	\N
LM_LC_ADR158	62065867	Licznik ciepła FC najemcy L03 - obieg FO (HC05, HC08) (62065867)	\N	LC	180	\N	\N	\N
LM_WOD_MAIN_W	BRAK		\N	WOD	110	\N	\N	\N
LM_ELE_ADR021	33344042	Tablice TA 3.0, TA 3.1, TA 3.2 (33344042)	\N	ELE	40	\N	\N	\N
LM_ELE_ADR066	16380796	SP U1 - Powierzchnia 1.04 (16380796)	\N	ELE	60	\N	\N	\N
LM_ELE_ADR017	63311012	Rozdzielnica RW3 (63311012)	\N	ELE	550	\N	\N	\N
LM_ELE_ADR055	63265006	Tablica TP 2.3 (63265006)	\N	ELE	2050	\N	\N	\N
LM_ELE_ADR056	63284037	Tablica  TP 3.1, TP 3.3, TP 3.5 (63284037)	\N	ELE	2060	\N	\N	\N
LM_ELE_ADR063	BRAK	SP U1 - Powierzchnia 0.05	\N	ELE	2070	\N	\N	\N
LM_LC_ADR156	62065878	Licznik ciepła FC - FR (62065878)	\N	LC	1230	\N	160	\N
LM_LC_ADR155	78251253	Licznik ciepła FC - FO (78251253)	\N	LC	160	\N	170	\N
LM_LC_ADR154	62065870	Licznik ciepła obiegu grzejników RAD (62065870)	\N	LC	150	\N	180	\N
LM_LC_ADR152	62065879	Licznik ciepła obiegu AHU - AR (62065879)	\N	LC	1210	\N	200	\N
LM_LC_ADR153	78251254	Licznik ciepła obiegu AO (78251254)	\N	LC	140	\N	190	\N
LM_LC_ADR161	62065874	Licznik ciepła FC najemcy L02 - obieg FO (HC01) IT ERGO (62065874)	\N	LC	1320	\N	470	\N
LM_LC_ADR_B31	62065868	Licznik ciepła FC najemcy L04 Hogan58 - obieg FO (HC05, HC08) (62065868)	\N	LC	2480	\N	600	\N
LM_LH_ADR_B40	78251265	Licznik chłodu FC L04 Hogan - obieg FO (HC01) (78251265) (MWh)	\N	LH	1150	\N	630	\N
LM_LC_ADR_B41	78478336	Licznik ciepła - HBO L05 (78478336)	\N	LC	2490	\N	760	\N
LM_LC_ADR173	78675879	Licznik ciepła L03 MBDA (78675879)	\N	LC	210	\N	1210	\N
LM_LH_ADR_B39	78251259	Licznik chłodu FC L05 Seewald - obieg FO (HC05, HC08) (78251259) (MWh)	\N	LH	1140	\N	890	\N
LM_LH_ADR217	78647934	Licznik chłodu FC L00 - AUDI (78647934)	\N	LH	1500	\N	990	\N
LM_LC_ADR171	78647936	Licznik ciepła L00 - AUDI (78647936)	\N	LC	1240	\N	1000	\N
LM_LH_ADR232	78675881	Licznik chłodu - AUDI serwerownia (78675881)	\N	LH	1520	\N	1010	\N
LM_LC_ADR178	78675880	Licznik ciepła L-1 - AUDI - grzejniki (78675880)	\N	LC	250	\N	1020	\N
LM_LC_ADR82	67884167	Licznik ciepła - grzejnik Corneliani (67884167)	\N	LC	310	\N	2270	\N
LM_LC_ADR174	71297057	Licznik ciepła L01 - ZEGNA (71297057)	\N	LC	220	\N	1280	\N
LM_LH_ADR201	71834619	Licznik chłodu - ZEGNA L00 (71834619)	\N	LH	610	\N	1310	\N
LM_ELE_ADR011	2316371001	AHU 2.2 IT ERGO (63371001)	\N	ELE	1850	\N	550	\N
LM_ELE_ADR039	1816344019	Tablica T-Piano W.Kruk (33344019)	\N	ELE	1980	\N	730	\N
LM_ELE_ADR008	2316326010	AHU 3.3 NDI (63326010)	\N	ELE	530	\N	1190	\N
LM_ELE_ADR080	2317445010	SP 1 - Tablica TN 1.2 (64445010)	\N	ELE	70	\N	490	\N
LM_ELE_ADR071	48503026H16502010220	SP U2 - Almidecor (dawniej powierzchnia 1.07) (16410250)	\N	ELE	800	\N	1110	\N
LM_LH_ADR_B42	78478337	Licznik chłodu - HBO L05 (78478337)	\N	LH	1160	\N	770	\N
LM_ELE_ADR064	BRAK	SP U1 - Powierzchnia 1.02	\N	ELE	2080	\N	\N	\N
LM_ELE_ADR058	63284023	Tablica  T-UPS (63284023)	\N	ELE	2090	\N	\N	\N
LM_ELE_ADR074	BRAK	SP U3 - Powierzchnia 0.11	\N	ELE	2110	\N	\N	\N
LM_ELE_ADR076	15420085	SP U4 - powierzchnia 0.16 (15420085)	\N	ELE	2120	\N	\N	\N
LM_ELE_ADR081	65334007	SP 1 - Tablica TN 1.3 - Solution Space L01 (65334007)	\N	ELE	2130	\N	\N	\N
LM_ELE_ADR085	65341010	SP K3 - Tablica TNK 3.2 - Solution Space L01 (65341010)	\N	ELE	2140	\N	\N	\N
LM_ELE_ADR109	63371006	Magazyn U.02  (63371006)	\N	ELE	2180	\N	\N	\N
LM_ELE_ADR097	65341005	SP K3 - Tablica TNK 3.2 - Solution Space L03 (65341005)	\N	ELE	880	\N	\N	\N
LM_LH_ADR_B35	62065881	Licznik chłodu najemcy FC L05 HBO serw - obieg FO (HC01) (62065881)	\N	LH	2540	\N	\N	\N
LM_WOD_ADR240	00207182	Wodomierz toalety L01 (00207182)	\N	WOD	1720	\N	\N	\N
LM_WOD_ADR241	00207171	Wodomierz toalety L00 (00207171)	\N	WOD	1730	\N	\N	\N
LM_WOD_ADR30	19737052	Wodomierz PZFD L03 (19737052)	\N	WOD	1780	\N	\N	\N
LM_WOD_ADR148	00214876	Wodomierz MBDA (00214876)	\N	WOD	1670	\N	\N	\N
LM_ELE_ADR128	08216809	po KSP (w szachcie L01 na solution) (08216809)	\N	ELE	1750	\N	\N	\N
LM_ELE_ADR002	63354008	AHU 2.4 HOGAN LOVELS (63354008)	\N	ELE	1800	\N	\N	\N
LM_WOD_ADR141	16838217	Wodomierz piano 2 (16838217)	\N	WOD	1630	\N	\N	\N
LM_WOD_ADR142	16803909	Wodomierz TWC (16803909)	\N	WOD	1640	\N	\N	\N
LM_ELE_ADR043	63354018	Winda W2 (63354018)	\N	ELE	2290	\N	\N	\N
LM_ELE_ADR_B11	63284007	Licznik elektryczny Rozdzielnica RW2, RPCH- TRANE2(63284007)	\N	ELE	2300	\N	\N	\N
LM_ELE_ADR019	63326006	Rozdzielnica T-TAR (63326006)	\N	ELE	560	\N	\N	\N
LM_ELE_ADR024	63325014	Tablice TA 1.2, TA 1.3, TA 1.4, TA 1.5 (63325014)	\N	ELE	570	\N	\N	\N
LM_ELE_ADR041	63325008	Tablica T-WC (63325008)	\N	ELE	650	\N	\N	\N
LM_ELE_ADR045	63354004	Winda W4 (63354004)	\N	ELE	660	\N	\N	\N
LM_ELE_ADR047	63354016	Winda W7 (63354016)	\N	ELE	670	\N	\N	\N
LM_ELE_ADR052	63265003	Tablica TP 1.-1 (63265003)	\N	ELE	690	\N	\N	\N
LM_WOD_ADR135	77902822	Wodomierz Hogan Lovells L04 - od Książecej (77902822)	\N	WOD	1600	\N	2600	\N
LM_WOD_ADR136	77902823	Wodomierz Hogan Lovells L04 - od Placu Trzech Krzyży (77902823)	\N	WOD	1610	\N	580	\N
LM_LH_ADR_B38	78251257	Licznik chłodu FC L04 Hogan - obieg FO (HC05, HC08) (78251257) (MWh)	\N	LH	2560	\N	610	\N
LM_ELE_ADR009	2316362010	AHU 3.2 IT ERGO (63362010)	\N	ELE	1840	\N	560	\N
LM_LC_ADR172	78647937	Licznik ciepła L01 - AUDI (78647937)	\N	LC	20	\N	970	\N
LM_ELE_ADR038	1816332105	Rozdzielnia RPCH (33332105)	\N	ELE	640	\N	290	\N
LM_ELE_ADR003	2316354013	AHU 2.5 HBO (63354013)	\N	ELE	1810	\N	850	\N
LM_ELE_ADR046	2316354008	Solution space TN 1.1 - TU5 (63325003)	\N	ELE	2270	\N	690	\N
LM_ELE_ADR006	2316326004	AHU 1.5 HBO (63326004)	\N	ELE	1820	\N	840	\N
LM_ELE_ADR_B06	1816331030	Licznik elektryczny Chiller CHI1 (33331030)	\N	ELE	2260	\N	930	\N
LM_ELE_ADR114	1816331023	Licznik elektryczny AUDI - TU4 (33331023)	\N	ELE	1550	\N	1030	\N
LM_ELE_ADR010	2316371007	AHU 2.3 MBDA (63371007)	\N	ELE	2280	\N	1260	\N
LM_WOD_ADR133	17FA358457T	Wodomierz ERGO - recepcja (17360039)	\N	WOD	1580	\N	390	\N
LM_WOD_ADR132	17FA358454Q	Wodomierz ERGO - pomieszczenie(17360035)	\N	WOD	1570	\N	400	\N
LM_WOD_ADR_B78	60600683	Wodomierz HBO (00129890)	\N	WOD	1170	\N	740	\N
LM_WOD_ADR150	60882996	Wodomierz AUDI (00228857)	\N	WOD	1680	\N	960	\N
LM_WOD_ADR147	181022659A	Wodomierz NDI (18726655)	\N	WOD	1000	\N	1140	\N
LM_WOD_ADR129	181106C29A	Wodomierz ZEGNA L01 (18727749)	\N	WOD	980	\N	1270	\N
LM_ELE_ADR087	2317441065	SP 3 - Tablica TN 3.2 IT ERGO (64441065)	\N	ELE	2210	\N	530	\N
LM_ELE_ADR072	48503026h16502010251	SP U3 - MBDA tablica TNK (dawniej powierzchnia 0.09) (16380803)	\N	ELE	2100	\N	1250	\N
LM_WOD_ADR134	19EA020537/173600458	Wodomierz ERGO - sala kinowa (17360045)	\N	WOD	1590	\N	410	\N
LM_ELE_ADR108	2316371009	Magazyn U.01  HBO Magazyn (63371009)	\N	ELE	2170	\N	830	\N
LM_ELE_ADR049	2316354002	Winda Piano W.Kruk (63354002)	\N	ELE	680	\N	720	\N
LM_WOD_ADR143	161032822	Brama wjazdowa (16838122)	\N	WOD	1650	\N	50	\N
LM_LH_ADR_B27	71670180	Licznik chłodu - CulinaryOn L00 (71670180)	\N	LH	2530	\N	1960	\N
LM_LC_ADR_B45	71522586	Licznik ciepła EON (71522586)	\N	LC	2220	\N	2030	\N
LM_ELE_ADR054	63265011	Tablica TP 1.1, TP 1.3, TP 1.5 (63265011)	\N	ELE	700	\N	\N	\N
LM_ELE_ADR057	63284015	Tablica  TP-WIND (63284015)	\N	ELE	710	\N	\N	\N
LM_ELE_ADR060	BRAK	SP U1 - Powierzchnia 0.02	\N	ELE	730	\N	\N	\N
LM_ELE_ADR061	BRAK	SP U1 - Powierzchnia 0.03	\N	ELE	740	\N	\N	\N
LM_ELE_ADR111	63371013	Magazyn U.04 FABIANA FILLIPPI (63371013)	\N	ELE	930	\N	\N	\N
LM_ELE_ADR116	63371010	AHU R4K (63371010)	\N	ELE	940	\N	\N	\N
LM_ELE_ADR118	63362009	AHU B1 (63362009)	\N	ELE	950	\N	\N	\N
LM_ELE_ADR119	63362017	AHU T (63362017)	\N	ELE	960	\N	\N	\N
LM_ELE_ADR_B01	16380762	Licznik elektryczny - Corneliani (16380762)	\N	ELE	2410	\N	\N	\N
LM_ELE_ADR_B10	63284002	Licznik elektryczny - Rozdzielnica RW1 (63284002)	\N	ELE	2420	\N	\N	\N
LM_ELE_ADR_B02	16380819	Licznik elektryczny - Davide Lifestyle (16380819)	\N	ELE	2430	\N	\N	\N
LM_ELE_ADR075	16380798	SP U3 - MBDA tablica TN (16380798)	\N	ELE	2690	\N	\N	\N
LM_WOD_ADR_B76	16838219	Wodomierz od strony ul. Książęcej L04 (16838219)	\N	WOD	2580	\N	\N	\N
LM_WOD_ADR_B77	16838216	Wodomierz od Kruka L04 (16838216)	\N	WOD	2590	\N	\N	\N
LM_ELE_ADR016	63326001	Centrala AHU 2 (63326001)	\N	ELE	1890	\N	\N	\N
LM_ELE_ADR018	63326011	Rozdzielnica RM (63326011)	\N	ELE	1900	\N	\N	\N
LM_ELE_ADR020	63311020	Tablice TA 3.3, TA 3.4, TA 3.5 (63311020)	\N	ELE	1910	\N	\N	\N
LM_ELE_ADR022	33344025	Tablice TA 2.-1, TA 2.2, TA 2.3, TA 2.4 (33344025)	\N	ELE	1920	\N	\N	\N
LM_ELE_ADR013	2316362006	AHU 1.2 IT ERGO (63362006)	\N	ELE	1860	\N	540	\N
LM_WOD_ADR139	57760157	Wodomierz GCN  (57760157)	\N	WOD	1620	1	310	\N
LM_LC_ADR168	80087616	Licznik ciepła L00 GCN (80087616)	\N	LC	200	\N	320	\N
LM_LH_ADR226	80120070	Licznik chłodu FC L00 - GCN (80120070)	\N	LH	1490	\N	330	\N
LM_LH_ADR223	80032572	Licznik chłodu L01 - Almidecor (80032572)	\N	LH	1470	\N	1080	\N
LM_LC_ADR175	80096039	Licznik ciepła L00 - Almidecor (80096039)	\N	LC	230	\N	1060	\N
LM_LH_ADR222	80032573	Licznik chłodu L00 - Almidecor (80032573)	\N	LH	460	\N	1070	\N
LM_LC_ADR176	80096038	Licznik ciepła L01 - Almidecor (80096038)	\N	LC	240	\N	1090	\N
LM_ELE_ADR015	2316326007	AHU R1 ALMIDECOR (63326007)	\N	ELE	1880	\N	1120	\N
LM_ELE_ADR124	1816331007	ZEGNA - TU 2 (RGNN) (33331007)	\N	ELE	2320	\N	1330	\N
LM_ELE_ADR_B05	1816331016	Licznik elektryczny Chiller CHI2 (33331016)	\N	ELE	2390	\N	940	\N
LM_LC_ADR_B46	80087615	Licznik ciepła GCN (80087615)	\N	LC	2650	\N	2010	\N
LM_ELE_ADR_B12	272103494	Licznik elektryczny Seewald kuchnia 1 (11111111)	\N	ELE	2630	\N	910	\N
LM_ELE_ADR_B13	272103657	Licznik elektryczny Seewald kuchnia 2 (22222222)	\N	ELE	2640	\N	920	\N
LM_ELE_ADR_B04	1816331005	Licznik elektryczny Chiller CHI3 (33331005)	\N	ELE	2380	\N	950	\N
LM_LC_ADR170	80091629	Licznik ciepła L03 NDI (80091629)	\N	LC	10	\N	1150	\N
LM_ELE_ADR112	2316362018	AHU R2 AUDI (63362018)	\N	ELE	2330	\N	1040	\N
LM_ELE_ADR059	2317445001	SP K1 - Tablica TNK 1.2 - IT ERGO (64445001)	\N	ELE	720	\N	480	\N
LM_ELE_ADR084	2317445019	SP 2 - Tablica TN 2.2 IT ERGO (64445019)	\N	ELE	830	\N	510	\N
LM_ELE_ADR_B08	1817261013	Licznik elektryczny SP 1 Hogan - Tablica TN 1.4 (34261013)	\N	ELE	1050	\N	650	\N
LM_ELE_ADR_B07	1817174066	Licznik elektryczny SP 3 Hogan - Tablica TN 3.4 (34174066)	\N	ELE	1040	\N	660	\N
LM_ELE_ADR_B03	1517162019	Licznik elektryczny SP K1 Hogan - Tablica TNK 1.4 (04162019)	\N	ELE	1030	\N	670	\N
LM_ELE_ADR088	2318245036	SP 3 - Tablica TN 3.3 - NDI (65245036)	\N	ELE	850	\N	1180	\N
LM_ELE_ADR_B09	1817261024	SP 1 - Główny licznik elektryczny HBO (34261024)	\N	ELE	2400	\N	820	\N
LM_ELE_ADR125	1517311047	Hogan - logo (04311047)	\N	ELE	2670	\N	700	\N
LM_ELE_ADR069	48503028H16492010698	Green Cafe Nero GCN (15270553)	\N	ELE	2680	\N	380	\N
LM_LH_ADR216	80091630	Licznik chłodu FC L03 - NDI Serwerownia (80091630)	\N	LH	430	\N	1130	\N
LM_LH_ADR215	80091631	Licznik chłodu FC L03 - NDI (80091631)	\N	LH	1440	\N	1160	\N
LM_LC_ADR179	80272795	Licznik ciepła  - Solution Space L00 (80272795)	\N	LC	30	\N	1420	\N
LM_ELE_ADR120	2316326003	Centrala Amaro AHU N2 - RW4 (63326003)	\N	ELE	970	\N	1860	\N
LM_LH_ADR33	80446698	Licznik chłodu - PZFD L03 (80446698)	\N	LH	520	\N	2500	\N
\.


--
-- Data for Name: najemcy; Type: TABLE DATA; Schema: public; Owner: czarek
--

COPY public.najemcy (id, nazwa, telefon) FROM stdin;
1	Green Cafe Nero	\N
2	HBO	\N
3	Seewald	\N
4	Almidecor	\N
5	MBDA	\N
6	Solution Space	\N
7	Culinary ON	\N
8	Davide	\N
9	Les Amis	\N
10	PZDF	\N
11	Audi	\N
12	Budynek Ethos	\N
13	Amaro	\N
14	Heban	\N
\.


--
-- Data for Name: odczyty; Type: TABLE DATA; Schema: public; Owner: czarek
--

COPY public.odczyty (data, adres, odczyt) FROM stdin;
2021-07-01	LM_LC_ADR170	48.95
2021-07-01	LM_LC_ADR172	90.22
2021-07-01	LM_LC_ADR179	70.6
2021-07-01	LM_ELE_ADR021	196075.66
2021-07-01	LM_ELE_ADR078	36857
2021-07-01	LM_ELE_ADR066	0
2021-07-01	LM_ELE_ADR080	146553.95
2021-07-01	LM_LH_ADR199	122.4
2021-07-01	LM_ELE_ADR115	20787.79
2021-07-01	LM_WOD_ADR249_Solution Space	70.29
2021-07-01	LM_WOD_MAIN_W	0
2021-07-01	LM_LC_ADR123	369
2021-07-01	LM_LC_ADR151	25987
2021-07-01	LM_LC_ADR153	9220
2021-07-01	LM_LC_ADR154	2101.1
2021-07-01	LM_LC_ADR155	5624.4
2021-07-01	LM_LC_ADR157	903.6
2021-07-01	LM_LC_ADR158	282.7
2021-07-01	LM_LC_ADR162	657.2
2021-07-01	LM_LC_ADR168	69.2
2021-07-01	LM_LC_ADR173	79.4
2021-07-01	LM_LC_ADR174	135.09
2021-07-01	LM_LC_ADR175	0
2021-07-01	LM_LC_ADR176	84.6
2021-07-01	LM_LC_ADR178	95.55
2021-07-01	LM_LC_ADR184	38.96
2021-07-01	LM_LC_ADR186	15.54
2021-07-01	LM_LC_ADR187	29.04
2021-07-01	LM_LC_ADR209	84.68
2021-07-01	LM_LC_ADR32	0
2021-07-01	LM_LC_ADR82	0
2021-07-01	LM_LH_ADR122	10
2021-07-01	LM_LH_ADR189	43.85
2021-07-01	LM_LH_ADR195	356
2021-07-01	LM_LH_ADR196	9
2021-07-01	LM_LH_ADR198	1004.5
2021-07-01	LM_LH_ADR200	40.2
2021-07-01	LM_LH_ADR203	199.7
2021-07-01	LM_LH_ADR204	81.8
2021-07-01	LM_LH_ADR208	247.7
2021-07-01	LM_LH_ADR211	19.3
2021-07-01	LM_LH_ADR212	105
2021-07-01	LM_LH_ADR216	27.97
2021-07-01	LM_LH_ADR218	332.6
2021-07-01	LM_LH_ADR221	229.8
2021-07-01	LM_LH_ADR222	0
2021-07-01	LM_LH_ADR227	29.5
2021-07-01	LM_LH_ADR229	83.86
2021-07-01	LM_LH_ADR231	0
2021-07-01	LM_LH_ADR234	0
2021-07-01	LM_LH_ADR235	83.8
2021-07-01	LM_LH_ADR33	0
2021-07-01	LM_ELE_ADR008	76030.41
2021-07-01	LM_ELE_ADR012	60508.99
2021-07-01	LM_ELE_ADR017	10605.57
2021-07-01	LM_ELE_ADR019	2439.52
2021-07-01	LM_ELE_ADR024	106947.7
2021-07-01	LM_ELE_ADR027	33502.36
2021-07-01	LM_LC_ADR163	26.44
2021-07-01	LM_LC_ADR164	0.02
2021-07-01	LM_LH_ADR201	56.5
2021-07-01	LM_ELE_ADR029	9132.79
2021-07-01	LM_ELE_ADR031	141139.25
2021-07-01	LM_ELE_ADR038	254048.58
2021-07-01	LM_ELE_ADR041	56975.13
2021-07-01	LM_ELE_ADR045	4993.68
2021-07-01	LM_ELE_ADR047	4475.68
2021-07-01	LM_ELE_ADR049	12684.92
2021-07-01	LM_ELE_ADR052	9439.95
2021-07-01	LM_ELE_ADR054	26478.94
2021-07-01	LM_ELE_ADR057	5234.49
2021-07-01	LM_ELE_ADR059	19332.39
2021-07-01	LM_ELE_ADR060	0
2021-07-01	LM_ELE_ADR061	0
2021-07-01	LM_ELE_ADR062	16182
2021-07-01	LM_ELE_ADR065	0
2021-07-01	LM_ELE_ADR067	125
2021-07-01	LM_ELE_ADR068	390
2021-07-01	LM_ELE_ADR070	80
2021-07-01	LM_ELE_ADR071	62922
2021-07-01	LM_ELE_ADR073	80
2021-07-01	LM_ELE_ADR077	1063
2021-07-01	LM_ELE_ADR084	47836.67
2021-07-01	LM_ELE_ADR086	10860.53
2021-07-01	LM_ELE_ADR088	30209.18
2021-07-01	LM_ELE_ADR094	1335.77
2021-07-01	LM_ELE_ADR095	82457.02
2021-07-01	LM_ELE_ADR097	22452.25
2021-07-01	LM_ELE_ADR098	2970.22
2021-07-01	LM_ELE_ADR099	55189.32
2021-07-01	LM_ELE_ADR100	12895.4
2021-07-01	LM_ELE_ADR101	6012.68
2021-07-01	LM_ELE_ADR111	362.08
2021-07-01	LM_ELE_ADR116	8819.65
2021-07-01	LM_ELE_ADR118	18129.85
2021-07-01	LM_ELE_ADR119	63259.13
2021-07-01	LM_ELE_ADR120	72597.1
2021-07-01	LM_WOD_ADR129	89.1
2021-07-01	LM_WOD_ADR140	120.19
2021-07-01	LM_WOD_ADR147	50.46
2021-07-01	LM_WOD_ADR246_Solution Space	404.81
2021-07-01	LM_WOD_ADR248_Solution Space	29.65
2021-07-01	LM_ELE_ADR_B03	109787.11
2021-07-01	LM_ELE_ADR_B07	87212.62
2021-07-01	LM_ELE_ADR_B08	130174.9
2021-07-01	LM_LC_ADR_B26	104.73
2021-07-01	LM_LC_ADR_B30	342.9
2021-07-01	LM_LC_ADR_B32	765.8
2021-07-01	LM_LC_ADR_B33	650.3
2021-07-01	LM_LH_ADR_B19	70.7
2021-07-01	LM_LH_ADR_B21	150.5
2021-07-01	LM_LH_ADR_B34	0
2021-07-01	LM_LH_ADR_B37	0.4
2021-07-01	LM_LH_ADR_B39	85.6
2021-07-01	LM_LH_ADR_B40	143.2
2021-07-01	LM_LH_ADR_B42	0
2021-07-01	LM_WOD_ADR_B78	173.99
2021-07-01	LM_LC_ADR102	40.95
2021-07-01	LM_LC_ADR103	45.01
2021-07-01	LM_LC_ADR104	54.9
2021-07-01	LM_LC_ADR152	4239.1
2021-07-01	LM_LC_ADR149	0.91
2021-07-01	LM_LC_ADR156	2750.2
2021-07-01	LM_LC_ADR171	239.05
2021-07-01	LM_LC_ADR165	35.9
2021-07-01	LM_LC_ADR166	29
2021-07-01	LM_LC_ADR180	123.88
2021-07-01	LM_LC_ADR181	0.1
2021-07-01	LM_LC_ADR182	73.31
2021-07-01	LM_LC_ADR183	1.42
2021-07-01	LM_LC_ADR185	16.13
2021-07-01	LM_LC_ADR161	1199.4
2021-07-01	LM_LC_ADR224	124.01
2021-07-01	LM_LC_ADR89	26.11
2021-07-01	LM_LC_ADR93	25.61
2021-07-01	LM_LH_ADR145	7.38
2021-07-01	LM_LH_ADR188	24.06
2021-07-01	LM_LH_ADR190	6.43
2021-07-01	LM_LH_ADR191	15.2
2021-07-01	LM_LH_ADR192	0
2021-07-01	LM_LH_ADR194	700.5
2021-07-01	LM_LH_ADR207	381.3
2021-07-01	LM_LH_ADR197	1127.2
2021-07-01	LM_LH_ADR215	0
2021-07-01	LM_LH_ADR219	0.02
2021-07-01	LM_LH_ADR220	71.98
2021-07-01	LM_LH_ADR223	141.6
2021-07-01	LM_LH_ADR225	54.3
2021-07-01	LM_LH_ADR226	50.97
2021-07-01	LM_LH_ADR217	442.3
2021-07-01	LM_LH_ADR228	26.8
2021-07-01	LM_LH_ADR232	46.58
2021-07-01	LM_LH_ADR233	38
2021-07-01	LM_LH_ADR230	1.5
2021-07-01	LM_ELE_ADR114	213759.08
2021-07-01	LM_ELE_ADR117	20477.34
2021-07-01	LM_WOD_ADR132	259.85
2021-07-01	LM_WOD_ADR133	320.07
2021-07-01	LM_WOD_ADR134	18.1
2021-07-01	LM_WOD_ADR135	0
2021-07-01	LM_WOD_ADR136	61.77
2021-07-01	LM_WOD_ADR139	1081.36
2021-07-01	LM_WOD_ADR141	17
2021-07-01	LM_WOD_ADR142	36
2021-07-01	LM_WOD_ADR143	361.07
2021-07-01	LM_WOD_ADR146	25269.3
2021-07-01	LM_WOD_ADR148	0.05
2021-07-01	LM_WOD_ADR150	32.9
2021-07-01	LM_WOD_ADR237	860.95
2021-07-01	LM_WOD_ADR238	2210.03
2021-07-01	LM_WOD_ADR239	26.41
2021-07-01	LM_WOD_ADR240	91.54
2021-07-01	LM_WOD_ADR241	899.35
2021-07-01	LM_ELE_ADR121	158906.41
2021-07-01	LM_ELE_ADR128	0
2021-07-01	LM_WOD_ADR247_Solution Space	369.57
2021-07-01	LM_WOD_ADR250_Solution Space	133.57
2021-07-01	LM_WOD_ADR30	0
2021-07-01	LM_ELE_ADR001	57763.27
2021-07-01	LM_ELE_ADR002	76678.03
2021-07-01	LM_ELE_ADR003	92503.44
2021-07-01	LM_ELE_ADR006	66431.46
2021-07-01	LM_ELE_ADR007	112584.56
2021-07-01	LM_ELE_ADR009	153932.03
2021-07-01	LM_ELE_ADR011	151400.55
2021-07-01	LM_ELE_ADR013	191805.73
2021-07-01	LM_ELE_ADR014	11718.3
2021-07-01	LM_ELE_ADR015	107978.89
2021-07-01	LM_ELE_ADR016	835718.31
2021-07-01	LM_ELE_ADR018	11105.94
2021-07-01	LM_ELE_ADR020	116572.42
2021-07-01	LM_ELE_ADR022	112688.87
2021-07-01	LM_ELE_ADR023	24779.33
2021-07-01	LM_ELE_ADR025	333624.31
2021-07-01	LM_ELE_ADR028	15919.27
2021-07-01	LM_ELE_ADR034	18925
2021-07-01	LM_ELE_ADR036	77843.42
2021-07-01	LM_ELE_ADR039	270321.13
2021-07-01	LM_ELE_ADR040	29531
2021-07-01	LM_ELE_ADR042	2962.27
2021-07-01	LM_ELE_ADR044	5891.29
2021-07-01	LM_ELE_ADR048	6186.79
2021-07-01	LM_ELE_ADR051	5881.92
2021-07-01	LM_ELE_ADR053	16437.02
2021-07-01	LM_ELE_ADR055	4823.35
2021-07-01	LM_ELE_ADR056	18756.74
2021-07-01	LM_ELE_ADR063	189
2021-07-01	LM_ELE_ADR064	0
2021-07-01	LM_ELE_ADR058	70101.91
2021-07-01	LM_ELE_ADR072	20274
2021-07-01	LM_ELE_ADR074	62922
2021-07-01	LM_ELE_ADR076	0
2021-07-01	LM_ELE_ADR081	36841.69
2021-07-01	LM_ELE_ADR085	36149.33
2021-07-01	LM_ELE_ADR090	32102.88
2021-07-01	LM_ELE_ADR107	63073.41
2021-07-01	LM_ELE_ADR108	5889.39
2021-07-01	LM_ELE_ADR109	2011.29
2021-07-01	LM_ELE_ADR110	406.22
2021-07-01	LM_ELE_ADR113	44751.11
2021-07-01	LM_ELE_ADR087	76703.7
2021-07-01	LM_LC_ADR_B45	147.02
2021-07-01	LM_LH_ADR_B46	49.35
2021-07-01	LM_LH_ADR_B47	94.5
2021-07-01	LM_WOD_ADR_B74	26.48
2021-07-01	LM_ELE_ADR_B06	378002.34
2021-07-01	LM_ELE_ADR046	0
2021-07-01	LM_ELE_ADR010	99055.91
2021-07-01	LM_ELE_ADR043	2352.51
2021-07-01	LM_ELE_ADR_B11	27260.23
2021-07-01	LM_WOD_ADR242	40.24
2021-07-01	LM_ELE_ADR124	57138.13
2021-07-01	LM_ELE_ADR112	655449.06
2021-07-01	LM_WOD_ADR_B75	127.07
2021-07-01	LM_ELE_ADR091	8948.39
2021-07-01	LM_WOD_ADR_B80	90.46
2021-07-01	LM_WOD_ADR_B81	36.43
2021-07-01	LM_ELE_ADR_B04	225975.13
2021-07-01	LM_ELE_ADR_B05	202525.88
2021-07-01	LM_ELE_ADR_B09	251422.56
2021-07-01	LM_ELE_ADR_B01	0
2021-07-01	LM_ELE_ADR_B10	25237.06
2021-07-01	LM_ELE_ADR_B02	0
2021-07-01	LM_LC_ADR_B18	14.47
2021-07-01	LM_LC_ADR_B20	58.14
2021-07-01	LM_LC_ADR_B22	30.38
2021-07-01	LM_LC_ADR_B24	10
2021-07-01	LM_LC_ADR_B31	350.1
2021-07-01	LM_LC_ADR_B41	383
2021-07-01	LM_LC_ADR_B43	5.5
2021-07-01	LM_LH_ADR_B23	50
2021-07-01	LM_LH_ADR_B25	31.1
2021-07-01	LM_LH_ADR_B27	94.8
2021-07-01	LM_LH_ADR_B35	0
2021-07-01	LM_LH_ADR_B36	0
2021-07-01	LM_LH_ADR_B38	65.5
2021-07-01	LM_LH_ADR_B44	3.4
2021-07-01	LM_WOD_ADR_B76	1658.89
2021-07-01	LM_WOD_ADR_B77	8.57
2021-07-01	LM_LC_ADR_B16	32.45
2021-07-01	LM_LH_ADR_B17	40.8
2021-07-01	LM_WOD_ADR_B79	326.42
2021-07-01	LM_ELE_ADR_B12	14061.99
2021-07-01	LM_ELE_ADR_B13	13382.25
2021-07-01	LM_LC_ADR_B46	45.07
2021-07-01	LM_LC_ADR193	0
2021-07-01	LM_ELE_ADR125	4098.1
2021-07-01	LM_ELE_ADR069	243151
2021-07-01	LM_ELE_ADR075	80
2021-06-01	LM_LC_ADR170	48.89
2021-06-01	LM_LC_ADR172	90.12
2021-06-01	LM_LC_ADR179	70.6
2021-06-01	LM_ELE_ADR021	192566.34
2021-06-01	LM_ELE_ADR078	35268
2021-06-01	LM_ELE_ADR066	0
2021-06-01	LM_ELE_ADR080	144294.8
2021-06-01	LM_LH_ADR199	117.2
2021-06-01	LM_ELE_ADR115	20223.93
2021-06-01	LM_WOD_ADR249_Solution Space	68.05
2021-06-01	LM_WOD_MAIN_W	0
2021-06-01	LM_LC_ADR123	363.4
2021-06-01	LM_LC_ADR151	25963
2021-06-01	LM_LC_ADR153	9212
2021-06-01	LM_LC_ADR154	2096.1
2021-06-01	LM_LC_ADR155	5619.7
2021-06-01	LM_LC_ADR157	903.4
2021-06-01	LM_LC_ADR158	282.5
2021-06-01	LM_LC_ADR162	656.6
2021-06-01	LM_LC_ADR168	69
2021-06-01	LM_LC_ADR173	79.31
2021-06-01	LM_LC_ADR174	133.64
2021-06-01	LM_LC_ADR175	0
2021-06-01	LM_LC_ADR176	84.6
2021-06-01	LM_LC_ADR178	95.2
2021-06-01	LM_LC_ADR184	38.96
2021-06-01	LM_LC_ADR186	15.54
2021-06-01	LM_LC_ADR187	29.04
2021-06-01	LM_LC_ADR209	84.19
2021-06-01	LM_LC_ADR32	0
2021-06-01	LM_LC_ADR82	0
2021-06-01	LM_LH_ADR122	9.1
2021-06-01	LM_LH_ADR189	40.53
2021-06-01	LM_LH_ADR195	330.6
2021-06-01	LM_LH_ADR196	9
2021-06-01	LM_LH_ADR198	951.3
2021-06-01	LM_LH_ADR200	37.9
2021-06-01	LM_LH_ADR203	194.8
2021-06-01	LM_LH_ADR204	76.4
2021-06-01	LM_LH_ADR208	239.3
2021-06-01	LM_LH_ADR211	17.1
2021-06-01	LM_LH_ADR212	94.5
2021-06-01	LM_LH_ADR216	26.15
2021-06-01	LM_LH_ADR218	320.5
2021-06-01	LM_LH_ADR221	209.5
2021-06-01	LM_LH_ADR222	0
2021-06-01	LM_LH_ADR227	28
2021-06-01	LM_LH_ADR229	82.16
2021-06-01	LM_LH_ADR231	0
2021-06-01	LM_LH_ADR234	0
2021-06-01	LM_LH_ADR235	78
2021-06-01	LM_LH_ADR33	0
2021-06-01	LM_ELE_ADR008	73981.53
2021-06-01	LM_ELE_ADR012	58983.29
2021-06-01	LM_ELE_ADR017	10418.6
2021-06-01	LM_ELE_ADR019	2439.5
2021-06-01	LM_ELE_ADR024	105229.13
2021-06-01	LM_ELE_ADR027	33393.04
2021-06-01	LM_LC_ADR163	26.44
2021-06-01	LM_LC_ADR164	0.02
2021-06-01	LM_LH_ADR201	49.5
2021-06-01	LM_ELE_ADR029	8793.51
2021-06-01	LM_ELE_ADR031	135128.66
2021-06-01	LM_ELE_ADR038	245291.06
2021-06-01	LM_ELE_ADR041	56748.99
2021-06-01	LM_ELE_ADR045	4896.31
2021-06-01	LM_ELE_ADR047	4383.63
2021-06-01	LM_ELE_ADR049	12459.6
2021-06-01	LM_ELE_ADR052	9261.37
2021-06-01	LM_ELE_ADR054	25997.03
2021-06-01	LM_ELE_ADR057	5152.67
2021-06-01	LM_ELE_ADR059	18866.35
2021-06-01	LM_ELE_ADR060	0
2021-06-01	LM_ELE_ADR061	0
2021-06-01	LM_ELE_ADR062	15578
2021-06-01	LM_ELE_ADR065	0
2021-06-01	LM_ELE_ADR067	125
2021-06-01	LM_ELE_ADR068	385
2021-06-01	LM_ELE_ADR070	80
2021-06-01	LM_ELE_ADR071	60950
2021-06-01	LM_ELE_ADR073	80
2021-06-01	LM_ELE_ADR077	1063
2021-06-01	LM_ELE_ADR084	47209.16
2021-06-01	LM_ELE_ADR086	10480.78
2021-06-01	LM_ELE_ADR088	29262.2
2021-06-01	LM_ELE_ADR094	1238.7
2021-06-01	LM_ELE_ADR095	80342.51
2021-06-01	LM_ELE_ADR097	21701.48
2021-06-01	LM_ELE_ADR098	2909.97
2021-06-01	LM_ELE_ADR099	53031.18
2021-06-01	LM_ELE_ADR100	12352
2021-06-01	LM_ELE_ADR101	5822.82
2021-06-01	LM_ELE_ADR111	362.07
2021-06-01	LM_ELE_ADR116	7935.64
2021-06-01	LM_ELE_ADR118	17897.09
2021-06-01	LM_ELE_ADR119	61974.37
2021-06-01	LM_ELE_ADR120	72537.47
2021-06-01	LM_WOD_ADR129	85.72
2021-06-01	LM_WOD_ADR140	120.03
2021-06-01	LM_WOD_ADR147	49.13
2021-06-01	LM_WOD_ADR246_Solution Space	387.23
2021-06-01	LM_WOD_ADR248_Solution Space	27.93
2021-06-01	LM_ELE_ADR_B03	107709.4
2021-06-01	LM_ELE_ADR_B07	85880.59
2021-06-01	LM_ELE_ADR_B08	128213.57
2021-06-01	LM_LC_ADR_B26	104.64
2021-06-01	LM_LC_ADR_B30	342.8
2021-06-01	LM_LC_ADR_B32	764.8
2021-06-01	LM_LC_ADR_B33	649.8
2021-06-01	LM_LH_ADR_B19	67.6
2021-06-01	LM_LH_ADR_B21	142.4
2021-06-01	LM_LH_ADR_B34	0
2021-06-01	LM_LH_ADR_B37	0.4
2021-06-01	LM_LH_ADR_B39	78.6
2021-06-01	LM_LH_ADR_B40	136
2021-06-01	LM_LH_ADR_B42	0
2021-06-01	LM_WOD_ADR_B78	173.38
2021-06-01	LM_LC_ADR102	40.84
2021-06-01	LM_LC_ADR103	44.89
2021-06-01	LM_LC_ADR104	54.69
2021-06-01	LM_LC_ADR152	4236
2021-06-01	LM_LC_ADR149	0.91
2021-06-01	LM_LC_ADR156	2744.9
2021-06-01	LM_LC_ADR171	238.8
2021-06-01	LM_LC_ADR165	35.77
2021-06-01	LM_LC_ADR166	28.91
2021-06-01	LM_LC_ADR180	123.7
2021-06-01	LM_LC_ADR181	0.1
2021-06-01	LM_LC_ADR182	73.3
2021-06-01	LM_LC_ADR183	1.42
2021-06-01	LM_LC_ADR185	16.13
2021-06-01	LM_LC_ADR161	1198.1
2021-06-01	LM_LC_ADR224	123.62
2021-06-01	LM_LC_ADR89	26.01
2021-06-01	LM_LC_ADR93	25.51
2021-06-01	LM_LH_ADR145	5.54
2021-06-01	LM_LH_ADR188	19.44
2021-06-01	LM_LH_ADR190	5.29
2021-06-01	LM_LH_ADR191	13
2021-06-01	LM_LH_ADR192	0
2021-06-01	LM_LH_ADR194	670.3
2021-06-01	LM_LH_ADR207	378.2
2021-06-01	LM_LH_ADR197	1082.6
2021-06-01	LM_LH_ADR215	0
2021-06-01	LM_LH_ADR219	0.02
2021-06-01	LM_LH_ADR220	71.98
2021-06-01	LM_LH_ADR223	130.4
2021-06-01	LM_LH_ADR225	52
2021-06-01	LM_LH_ADR226	50.97
2021-06-01	LM_LH_ADR217	424.7
2021-06-01	LM_LH_ADR228	26.5
2021-06-01	LM_LH_ADR232	45.08
2021-06-01	LM_LH_ADR233	33.1
2021-06-01	LM_LH_ADR230	1.5
2021-06-01	LM_ELE_ADR114	207899.48
2021-06-01	LM_ELE_ADR117	20134.77
2021-06-01	LM_WOD_ADR132	254.46
2021-06-01	LM_WOD_ADR133	316.99
2021-06-01	LM_WOD_ADR134	18.02
2021-06-01	LM_WOD_ADR135	0
2021-06-01	LM_WOD_ADR136	60.77
2021-06-01	LM_WOD_ADR139	1032.98
2021-06-01	LM_WOD_ADR141	17
2021-06-01	LM_WOD_ADR142	36
2021-06-01	LM_WOD_ADR143	299.54
2021-06-01	LM_WOD_ADR146	24155.3
2021-06-01	LM_WOD_ADR148	0.05
2021-06-01	LM_WOD_ADR150	32.02
2021-06-01	LM_WOD_ADR237	779.2
2021-06-01	LM_WOD_ADR238	2209.21
2021-06-01	LM_WOD_ADR239	25.78
2021-06-01	LM_WOD_ADR240	88.61
2021-06-01	LM_WOD_ADR241	880.08
2021-06-01	LM_ELE_ADR121	85.44
2021-06-01	LM_ELE_ADR128	0
2021-06-01	LM_WOD_ADR247_Solution Space	350.96
2021-06-01	LM_WOD_ADR250_Solution Space	127.6
2021-06-01	LM_WOD_ADR30	0
2021-06-01	LM_ELE_ADR001	56427.91
2021-06-01	LM_ELE_ADR002	75395.06
2021-06-01	LM_ELE_ADR003	90935.47
2021-06-01	LM_ELE_ADR006	65550.22
2021-06-01	LM_ELE_ADR007	110943.97
2021-06-01	LM_ELE_ADR009	152491.48
2021-06-01	LM_ELE_ADR011	150191.86
2021-06-01	LM_ELE_ADR013	191491.58
2021-06-01	LM_ELE_ADR014	11440.88
2021-06-01	LM_ELE_ADR015	105475.88
2021-06-01	LM_ELE_ADR016	821760.81
2021-06-01	LM_ELE_ADR018	10877.55
2021-06-01	LM_ELE_ADR020	114805.68
2021-06-01	LM_ELE_ADR022	109758.09
2021-06-01	LM_ELE_ADR023	23986.56
2021-06-01	LM_ELE_ADR025	321945.44
2021-06-01	LM_ELE_ADR028	15546.67
2021-06-01	LM_ELE_ADR034	17813.01
2021-06-01	LM_ELE_ADR036	77533.31
2021-06-01	LM_ELE_ADR039	262252.56
2021-06-01	LM_ELE_ADR040	29531
2021-06-01	LM_ELE_ADR042	2900.5
2021-06-01	LM_ELE_ADR044	5800.44
2021-06-01	LM_ELE_ADR048	6095.32
2021-06-01	LM_ELE_ADR051	5774.04
2021-06-01	LM_ELE_ADR053	15347.95
2021-06-01	LM_ELE_ADR055	4731.25
2021-06-01	LM_ELE_ADR056	18394.74
2021-06-01	LM_ELE_ADR063	189
2021-06-01	LM_ELE_ADR064	0
2021-06-01	LM_ELE_ADR058	68719.66
2021-06-01	LM_ELE_ADR072	19575
2021-06-01	LM_ELE_ADR074	60950
2021-06-01	LM_ELE_ADR076	0
2021-06-01	LM_ELE_ADR081	35676.77
2021-06-01	LM_ELE_ADR085	34477.14
2021-06-01	LM_ELE_ADR090	31482.06
2021-06-01	LM_ELE_ADR107	60698.46
2021-06-01	LM_ELE_ADR108	5774.78
2021-06-01	LM_ELE_ADR109	2010.96
2021-06-01	LM_ELE_ADR110	406.22
2021-06-01	LM_ELE_ADR113	43660.87
2021-06-01	LM_ELE_ADR087	75488.87
2021-06-01	LM_LC_ADR_B45	146.87
2021-06-01	LM_LH_ADR_B46	49.35
2021-06-01	LM_LH_ADR_B47	83.5
2021-06-01	LM_WOD_ADR_B74	25.52
2021-06-01	LM_ELE_ADR_B06	356973.25
2021-06-01	LM_ELE_ADR046	0
2021-06-01	LM_ELE_ADR010	96480.23
2021-06-01	LM_ELE_ADR043	2298.65
2021-06-01	LM_ELE_ADR_B11	26790.12
2021-06-01	LM_WOD_ADR242	40.24
2021-06-01	LM_ELE_ADR124	52028.99
2021-06-01	LM_ELE_ADR112	645954.81
2021-06-01	LM_WOD_ADR_B75	122.52
2021-06-01	LM_ELE_ADR091	8611.27
2021-06-01	LM_WOD_ADR_B80	87.54
2021-06-01	LM_WOD_ADR_B81	35.62
2021-06-01	LM_ELE_ADR_B04	211503.73
2021-06-01	LM_ELE_ADR_B05	189549.97
2021-06-01	LM_ELE_ADR_B09	246870.89
2021-06-01	LM_ELE_ADR_B01	0
2021-06-01	LM_ELE_ADR_B10	25096.67
2021-06-01	LM_ELE_ADR_B02	0
2021-06-01	LM_LC_ADR_B18	14.46
2021-06-01	LM_LC_ADR_B20	58.11
2021-06-01	LM_LC_ADR_B22	30.35
2021-06-01	LM_LC_ADR_B24	10
2021-06-01	LM_LC_ADR_B31	350
2021-06-01	LM_LC_ADR_B41	382.8
2021-06-01	LM_LC_ADR_B43	5.3
2021-06-01	LM_LH_ADR_B23	44.4
2021-06-01	LM_LH_ADR_B25	24
2021-06-01	LM_LH_ADR_B27	79.9
2021-06-01	LM_LH_ADR_B35	0
2021-06-01	LM_LH_ADR_B36	0
2021-06-01	LM_LH_ADR_B38	61.8
2021-06-01	LM_LH_ADR_B44	3.4
2021-06-01	LM_WOD_ADR_B76	1242.51
2021-06-01	LM_WOD_ADR_B77	5.52
2021-06-01	LM_LC_ADR_B16	32.45
2021-06-01	LM_LH_ADR_B17	38.4
2021-06-01	LM_WOD_ADR_B79	315.17
2021-06-01	LM_ELE_ADR_B12	13608.09
2021-06-01	LM_ELE_ADR_B13	13060.88
2021-06-01	LM_LC_ADR_B46	45.07
2021-06-01	LM_LC_ADR193	0
2021-06-01	LM_ELE_ADR125	3967.1
2021-06-01	LM_ELE_ADR069	237816
2021-06-01	LM_ELE_ADR075	80
2021-08-01	LM_LC_ADR170	48.96
2021-08-01	LM_LC_ADR172	90.23
2021-08-01	LM_LC_ADR179	70.6
2021-08-01	LM_ELE_ADR021	199225.73
2021-08-01	LM_ELE_ADR078	38202
2021-08-01	LM_ELE_ADR066	0
2021-08-01	LM_ELE_ADR080	149258.53
2021-08-01	LM_LH_ADR199	128.7
2021-08-01	LM_ELE_ADR115	21314.64
2021-08-01	LM_WOD_ADR249_Solution Space	73.63
2021-08-01	LM_WOD_MAIN_W	0
2021-08-01	LM_LC_ADR123	371.5
2021-08-01	LM_LC_ADR151	25990
2021-08-01	LM_LC_ADR153	9222
2021-08-01	LM_LC_ADR154	2101.6
2021-08-01	LM_LC_ADR155	5624.8
2021-08-01	LM_LC_ADR157	903.7
2021-08-01	LM_LC_ADR158	282.7
2021-08-01	LM_LC_ADR162	657.2
2021-08-01	LM_LC_ADR168	69.5
2021-08-01	LM_LC_ADR173	79.4
2021-08-01	LM_LC_ADR174	135.32
2021-08-01	LM_LC_ADR175	0
2021-08-01	LM_LC_ADR176	84.7
2021-08-01	LM_LC_ADR178	95.58
2021-08-01	LM_LC_ADR184	38.96
2021-08-01	LM_LC_ADR186	15.54
2021-08-01	LM_LC_ADR187	29.04
2021-08-01	LM_LC_ADR209	84.68
2021-08-01	LM_LC_ADR32	0
2021-08-01	LM_LC_ADR82	0
2021-08-01	LM_LH_ADR122	10.8
2021-08-01	LM_LH_ADR189	49.28
2021-08-01	LM_LH_ADR195	390.1
2021-08-01	LM_LH_ADR196	9
2021-08-01	LM_LH_ADR198	1054.8
2021-08-01	LM_LH_ADR200	42.4
2021-08-01	LM_LH_ADR203	205.6
2021-08-01	LM_LH_ADR204	86.2
2021-08-01	LM_LH_ADR208	256.8
2021-08-01	LM_LH_ADR211	21.6
2021-08-01	LM_LH_ADR212	115
2021-08-01	LM_LH_ADR216	27.97
2021-08-01	LM_LH_ADR218	346.1
2021-08-01	LM_LH_ADR221	247.3
2021-08-01	LM_LH_ADR222	0
2021-08-01	LM_LH_ADR227	34.4
2021-08-01	LM_LH_ADR229	83.86
2021-08-01	LM_LH_ADR231	0
2021-08-01	LM_LH_ADR234	0
2021-08-01	LM_LH_ADR235	84.1
2021-08-01	LM_LH_ADR33	0
2021-08-01	LM_ELE_ADR008	77991.25
2021-08-01	LM_ELE_ADR012	61467.31
2021-08-01	LM_ELE_ADR017	10777.36
2021-08-01	LM_ELE_ADR019	2439.53
2021-08-01	LM_ELE_ADR024	108638.59
2021-08-01	LM_ELE_ADR027	33675.56
2021-08-01	LM_LC_ADR163	26.44
2021-08-01	LM_LC_ADR164	0.02
2021-08-01	LM_LH_ADR201	65.7
2021-08-01	LM_ELE_ADR029	9532.79
2021-08-01	LM_ELE_ADR031	143999.84
2021-08-01	LM_ELE_ADR038	262812.63
2021-08-01	LM_ELE_ADR041	57072.89
2021-08-01	LM_ELE_ADR045	5091.3
2021-08-01	LM_ELE_ADR047	4569.57
2021-08-01	LM_ELE_ADR049	12897.12
2021-08-01	LM_ELE_ADR052	9609.51
2021-08-01	LM_ELE_ADR054	26931.77
2021-08-01	LM_ELE_ADR057	5320.81
2021-08-01	LM_ELE_ADR059	19784.14
2021-08-01	LM_ELE_ADR060	0
2021-08-01	LM_ELE_ADR061	0
2021-08-01	LM_ELE_ADR062	16746
2021-08-01	LM_ELE_ADR065	0
2021-08-01	LM_ELE_ADR067	125
2021-08-01	LM_ELE_ADR068	473
2021-08-01	LM_ELE_ADR070	80
2021-08-01	LM_ELE_ADR071	64861
2021-08-01	LM_ELE_ADR073	80
2021-08-01	LM_ELE_ADR077	1063
2021-08-01	LM_ELE_ADR084	48649.1
2021-08-01	LM_ELE_ADR086	11215.69
2021-08-01	LM_ELE_ADR088	31259.51
2021-08-01	LM_ELE_ADR094	1414.52
2021-08-01	LM_ELE_ADR095	84463.25
2021-08-01	LM_ELE_ADR097	23214.79
2021-08-01	LM_ELE_ADR098	3036.39
2021-08-01	LM_ELE_ADR099	57513.94
2021-08-01	LM_ELE_ADR100	13375.62
2021-08-01	LM_ELE_ADR101	6199.88
2021-08-01	LM_ELE_ADR111	362.08
2021-08-01	LM_ELE_ADR116	9988.41
2021-08-01	LM_ELE_ADR118	18346.22
2021-08-01	LM_ELE_ADR119	64472.79
2021-08-01	LM_ELE_ADR120	72649.29
2021-08-01	LM_WOD_ADR129	92.15
2021-08-01	LM_WOD_ADR140	120.39
2021-08-01	LM_WOD_ADR147	51.55
2021-08-01	LM_WOD_ADR246_Solution Space	419.69
2021-08-01	LM_WOD_ADR248_Solution Space	31.4
2021-08-01	LM_ELE_ADR_B03	111810.77
2021-08-01	LM_ELE_ADR_B07	88525.84
2021-08-01	LM_ELE_ADR_B08	132174.78
2021-08-01	LM_LC_ADR_B26	104.76
2021-08-01	LM_LC_ADR_B30	342.9
2021-08-01	LM_LC_ADR_B32	765.8
2021-08-01	LM_LC_ADR_B33	650.3
2021-08-01	LM_LH_ADR_B19	72.8
2021-08-01	LM_LH_ADR_B21	156.1
2021-08-01	LM_LH_ADR_B34	0
2021-08-01	LM_LH_ADR_B37	0.4
2021-08-01	LM_LH_ADR_B39	91.8
2021-08-01	LM_LH_ADR_B40	151.1
2021-08-01	LM_LH_ADR_B42	0
2021-08-01	LM_WOD_ADR_B78	175.02
2021-08-01	LM_LC_ADR102	40.96
2021-08-01	LM_LC_ADR103	45.02
2021-08-01	LM_LC_ADR104	54.92
2021-08-01	LM_LC_ADR152	4239.4
2021-08-01	LM_LC_ADR149	0.91
2021-08-01	LM_LC_ADR156	2750.8
2021-08-01	LM_LC_ADR171	239.09
2021-08-01	LM_LC_ADR165	35.91
2021-08-01	LM_LC_ADR166	29
2021-08-01	LM_LC_ADR180	123.88
2021-08-01	LM_LC_ADR181	0.1
2021-08-01	LM_LC_ADR182	73.31
2021-08-01	LM_LC_ADR183	1.42
2021-08-01	LM_LC_ADR185	16.13
2021-08-01	LM_LC_ADR161	1199.6
2021-08-01	LM_LC_ADR224	124.04
2021-08-01	LM_LC_ADR89	26.12
2021-08-01	LM_LC_ADR93	25.62
2021-08-01	LM_LH_ADR145	9.48
2021-08-01	LM_LH_ADR188	30.99
2021-08-01	LM_LH_ADR190	7.62
2021-08-01	LM_LH_ADR191	18.6
2021-08-01	LM_LH_ADR192	0
2021-08-01	LM_LH_ADR194	745.6
2021-08-01	LM_LH_ADR207	384.4
2021-08-01	LM_LH_ADR197	1173.4
2021-08-01	LM_LH_ADR215	0
2021-08-01	LM_LH_ADR219	0.03
2021-08-01	LM_LH_ADR220	71.98
2021-08-01	LM_LH_ADR223	155.4
2021-08-01	LM_LH_ADR225	58.5
2021-08-01	LM_LH_ADR226	50.97
2021-08-01	LM_LH_ADR217	458.4
2021-08-01	LM_LH_ADR228	26.8
2021-08-01	LM_LH_ADR232	47.99
2021-08-01	LM_LH_ADR233	42.9
2021-08-01	LM_LH_ADR230	1.5
2021-08-01	LM_ELE_ADR114	8.22
2021-08-01	LM_ELE_ADR117	20751.78
2021-08-01	LM_WOD_ADR132	265.85
2021-08-01	LM_WOD_ADR133	323.46
2021-08-01	LM_WOD_ADR134	18.19
2021-08-01	LM_WOD_ADR135	0
2021-08-01	LM_WOD_ADR136	62.56
2021-08-01	LM_WOD_ADR139	1135.66
2021-08-01	LM_WOD_ADR141	17
2021-08-01	LM_WOD_ADR142	36
2021-08-01	LM_WOD_ADR143	410.99
2021-08-01	LM_WOD_ADR146	26031.1
2021-08-01	LM_WOD_ADR148	0.05
2021-08-01	LM_WOD_ADR150	33.84
2021-08-01	LM_WOD_ADR237	911.1
2021-08-01	LM_WOD_ADR238	2210.83
2021-08-01	LM_WOD_ADR239	27.29
2021-08-01	LM_WOD_ADR240	95.85
2021-08-01	LM_WOD_ADR241	918.89
2021-08-01	LM_ELE_ADR121	85.44
2021-08-01	LM_ELE_ADR128	0
2021-08-01	LM_WOD_ADR247_Solution Space	385.1
2021-08-01	LM_WOD_ADR250_Solution Space	141.48
2021-08-01	LM_WOD_ADR30	0
2021-08-01	LM_ELE_ADR001	58874.63
2021-08-01	LM_ELE_ADR002	77871.91
2021-08-01	LM_ELE_ADR003	94020.49
2021-08-01	LM_ELE_ADR006	67161.58
2021-08-01	LM_ELE_ADR007	113735.45
2021-08-01	LM_ELE_ADR009	154667.53
2021-08-01	LM_ELE_ADR011	152282.5
2021-08-01	LM_ELE_ADR013	192124.03
2021-08-01	LM_ELE_ADR014	11997.58
2021-08-01	LM_ELE_ADR015	110355.66
2021-08-01	LM_ELE_ADR016	849366.19
2021-08-01	LM_ELE_ADR018	11321.59
2021-08-01	LM_ELE_ADR020	118231.04
2021-08-01	LM_ELE_ADR022	115261.86
2021-08-01	LM_ELE_ADR023	25488.13
2021-08-01	LM_ELE_ADR025	344389
2021-08-01	LM_ELE_ADR028	16577.74
2021-08-01	LM_ELE_ADR034	19986.18
2021-08-01	LM_ELE_ADR036	78001.34
2021-08-01	LM_ELE_ADR039	278047.41
2021-08-01	LM_ELE_ADR040	29531
2021-08-01	LM_ELE_ADR042	3020.34
2021-08-01	LM_ELE_ADR044	5981.1
2021-08-01	LM_ELE_ADR048	6282.09
2021-08-01	LM_ELE_ADR051	5976.99
2021-08-01	LM_ELE_ADR053	17375.76
2021-08-01	LM_ELE_ADR055	4909.11
2021-08-01	LM_ELE_ADR056	19092.07
2021-08-01	LM_ELE_ADR063	189
2021-08-01	LM_ELE_ADR064	0
2021-08-01	LM_ELE_ADR058	71415.94
2021-08-01	LM_ELE_ADR072	20934
2021-08-01	LM_ELE_ADR074	64861
2021-08-01	LM_ELE_ADR076	0
2021-08-01	LM_ELE_ADR081	37751.1
2021-08-01	LM_ELE_ADR085	38020.19
2021-08-01	LM_ELE_ADR090	32589.7
2021-08-01	LM_ELE_ADR107	65332.71
2021-08-01	LM_ELE_ADR108	5984.64
2021-08-01	LM_ELE_ADR109	2011.43
2021-08-01	LM_ELE_ADR110	406.22
2021-08-01	LM_ELE_ADR113	45796.69
2021-08-01	LM_ELE_ADR087	78117.51
2021-08-01	LM_LC_ADR_B45	147.02
2021-08-01	LM_LH_ADR_B46	49.35
2021-08-01	LM_LH_ADR_B47	106.3
2021-08-01	LM_WOD_ADR_B74	27.48
2021-08-01	LM_ELE_ADR_B06	393270.28
2021-08-01	LM_ELE_ADR046	0
2021-08-01	LM_ELE_ADR010	100958.26
2021-08-01	LM_ELE_ADR043	2402.06
2021-08-01	LM_ELE_ADR_B11	27748.44
2021-08-01	LM_WOD_ADR242	40.33
2021-08-01	LM_ELE_ADR124	62021.04
2021-08-01	LM_ELE_ADR112	664588.69
2021-08-01	LM_WOD_ADR_B75	129.59
2021-08-01	LM_ELE_ADR091	9276.48
2021-08-01	LM_WOD_ADR_B80	93.04
2021-08-01	LM_WOD_ADR_B81	37.08
2021-08-01	LM_ELE_ADR_B04	253045.06
2021-08-01	LM_ELE_ADR_B05	209713.36
2021-08-01	LM_ELE_ADR_B09	256001.17
2021-08-01	LM_ELE_ADR_B01	0
2021-08-01	LM_ELE_ADR_B10	25476.3
2021-08-01	LM_ELE_ADR_B02	0
2021-08-01	LM_LC_ADR_B18	14.47
2021-08-01	LM_LC_ADR_B20	58.14
2021-08-01	LM_LC_ADR_B22	30.38
2021-08-01	LM_LC_ADR_B24	10
2021-08-01	LM_LC_ADR_B31	350.1
2021-08-01	LM_LC_ADR_B41	383
2021-08-01	LM_LC_ADR_B43	5.8
2021-08-01	LM_LH_ADR_B23	55.8
2021-08-01	LM_LH_ADR_B25	38.6
2021-08-01	LM_LH_ADR_B27	99.3
2021-08-01	LM_LH_ADR_B35	0
2021-08-01	LM_LH_ADR_B36	0
2021-08-01	LM_LH_ADR_B38	69.2
2021-08-01	LM_LH_ADR_B44	3.5
2021-08-01	LM_WOD_ADR_B76	1736.04
2021-08-01	LM_WOD_ADR_B77	8.71
2021-08-01	LM_LC_ADR_B16	32.45
2021-08-01	LM_LH_ADR_B17	42.6
2021-08-01	LM_WOD_ADR_B79	333.79
2021-08-01	LM_ELE_ADR_B12	14472.51
2021-08-01	LM_ELE_ADR_B13	13666.55
2021-08-01	LM_LC_ADR_B46	45.07
2021-08-01	LM_LC_ADR193	0
2021-08-01	LM_ELE_ADR125	4221.8
2021-08-01	LM_ELE_ADR069	248273
2021-08-01	LM_ELE_ADR075	80
2021-09-01	LM_LC_ADR170	49.22
2021-09-01	LM_LC_ADR172	90.23
2021-09-01	LM_LC_ADR179	70.6
2021-09-01	LM_ELE_ADR021	202861.77
2021-09-01	LM_ELE_ADR078	39808
2021-09-01	LM_ELE_ADR066	0
2021-09-01	LM_ELE_ADR080	152355.84
2021-09-01	LM_LH_ADR199	132.9
2021-09-01	LM_ELE_ADR115	22000.96
2021-09-01	LM_WOD_ADR249_Solution Space	77.08
2021-09-01	LM_WOD_MAIN_W	0
2021-09-01	LM_LC_ADR123	378
2021-09-01	LM_LC_ADR151	26063
2021-09-01	LM_LC_ADR153	9242
2021-09-01	LM_LC_ADR154	2117
2021-09-01	LM_LC_ADR155	5653
2021-09-01	LM_LC_ADR157	912.4
2021-09-01	LM_LC_ADR158	284
2021-09-01	LM_LC_ADR162	658.8
2021-09-01	LM_LC_ADR168	70.7
2021-09-01	LM_LC_ADR173	80.09
2021-09-01	LM_LC_ADR174	138.75
2021-09-01	LM_LC_ADR175	0
2021-09-01	LM_LC_ADR176	84.7
2021-09-01	LM_LC_ADR178	96.69
2021-09-01	LM_LC_ADR184	38.96
2021-09-01	LM_LC_ADR186	15.54
2021-09-01	LM_LC_ADR187	29.04
2021-09-01	LM_LC_ADR209	84.68
2021-09-01	LM_LC_ADR32	0
2021-09-01	LM_LC_ADR82	0
2021-09-01	LM_LH_ADR122	12.2
2021-09-01	LM_LH_ADR189	53.72
2021-09-01	LM_LH_ADR195	402.3
2021-09-01	LM_LH_ADR196	9
2021-09-01	LM_LH_ADR198	1092.3
2021-09-01	LM_LH_ADR200	43.5
2021-09-01	LM_LH_ADR203	210.2
2021-09-01	LM_LH_ADR204	90.1
2021-09-01	LM_LH_ADR208	265.1
2021-09-01	LM_LH_ADR211	24.1
2021-09-01	LM_LH_ADR212	125.2
2021-09-01	LM_LH_ADR216	30.09
2021-09-01	LM_LH_ADR218	360.6
2021-09-01	LM_LH_ADR221	263.5
2021-09-01	LM_LH_ADR222	0
2021-09-01	LM_LH_ADR227	40
2021-09-01	LM_LH_ADR229	84.81
2021-09-01	LM_LH_ADR231	0
2021-09-01	LM_LH_ADR234	0
2021-09-01	LM_LH_ADR235	84.1
2021-09-01	LM_LH_ADR33	0
2021-09-01	LM_ELE_ADR008	80200.38
2021-09-01	LM_ELE_ADR012	61981.32
2021-09-01	LM_ELE_ADR017	10980.81
2021-09-01	LM_ELE_ADR019	2439.53
2021-09-01	LM_ELE_ADR024	110566.53
2021-09-01	LM_ELE_ADR027	33968.52
2021-09-01	LM_LC_ADR163	26.45
2021-09-01	LM_LC_ADR164	0.02
2021-09-01	LM_LH_ADR201	72.8
2021-09-01	LM_ELE_ADR029	9979.25
2021-09-01	LM_ELE_ADR031	148047.17
2021-09-01	LM_ELE_ADR038	273782.66
2021-09-01	LM_ELE_ADR041	57700.88
2021-09-01	LM_ELE_ADR045	5196.68
2021-09-01	LM_ELE_ADR047	4670.91
2021-09-01	LM_ELE_ADR049	13137.29
2021-09-01	LM_ELE_ADR052	9802.2
2021-09-01	LM_ELE_ADR054	27444.63
2021-09-01	LM_ELE_ADR057	5416.5
2021-09-01	LM_ELE_ADR059	20294.84
2021-09-01	LM_ELE_ADR060	0
2021-09-01	LM_ELE_ADR061	0
2021-09-01	LM_ELE_ADR062	17338
2021-09-01	LM_ELE_ADR065	0
2021-09-01	LM_ELE_ADR067	126
2021-09-01	LM_ELE_ADR068	554
2021-09-01	LM_ELE_ADR070	80
2021-09-01	LM_ELE_ADR071	66971
2021-09-01	LM_ELE_ADR073	80
2021-09-01	LM_ELE_ADR077	1063
2021-09-01	LM_ELE_ADR084	49669.82
2021-09-01	LM_ELE_ADR086	11612.12
2021-09-01	LM_ELE_ADR088	32222.84
2021-09-01	LM_ELE_ADR094	1432.65
2021-09-01	LM_ELE_ADR095	86779.09
2021-09-01	LM_ELE_ADR097	24151.32
2021-09-01	LM_ELE_ADR098	3108.81
2021-09-01	LM_ELE_ADR099	60490.83
2021-09-01	LM_ELE_ADR100	13787.12
2021-09-01	LM_ELE_ADR101	6408.37
2021-09-01	LM_ELE_ADR111	362.23
2021-09-01	LM_ELE_ADR116	11303.96
2021-09-01	LM_ELE_ADR118	18628.89
2021-09-01	LM_ELE_ADR119	65852.02
2021-09-01	LM_ELE_ADR120	72716.67
2021-09-01	LM_WOD_ADR129	95.53
2021-09-01	LM_WOD_ADR140	120.62
2021-09-01	LM_WOD_ADR147	52.87
2021-09-01	LM_WOD_ADR246_Solution Space	436.83
2021-09-01	LM_WOD_ADR248_Solution Space	32.97
2021-09-01	LM_ELE_ADR_B03	114001.12
2021-09-01	LM_ELE_ADR_B07	89911.17
2021-09-01	LM_ELE_ADR_B08	134226.34
2021-09-01	LM_LC_ADR_B26	105.07
2021-09-01	LM_LC_ADR_B30	343.7
2021-09-01	LM_LC_ADR_B32	767.2
2021-09-01	LM_LC_ADR_B33	652.3
2021-09-01	LM_LH_ADR_B19	73.8
2021-09-01	LM_LH_ADR_B21	161.1
2021-09-01	LM_LH_ADR_B34	0
2021-09-01	LM_LH_ADR_B37	0.4
2021-09-01	LM_LH_ADR_B39	93.9
2021-09-01	LM_LH_ADR_B40	155.4
2021-09-01	LM_LH_ADR_B42	0
2021-09-01	LM_WOD_ADR_B78	176.42
2021-09-01	LM_LC_ADR102	41.37
2021-09-01	LM_LC_ADR103	45.43
2021-09-01	LM_LC_ADR104	55.57
2021-09-01	LM_LC_ADR152	4244.1
2021-09-01	LM_LC_ADR149	0.91
2021-09-01	LM_LC_ADR156	2765.7
2021-09-01	LM_LC_ADR171	239.2
2021-09-01	LM_LC_ADR165	36.32
2021-09-01	LM_LC_ADR166	29.3
2021-09-01	LM_LC_ADR180	124.44
2021-09-01	LM_LC_ADR181	0.1
2021-09-01	LM_LC_ADR182	73.36
2021-09-01	LM_LC_ADR183	1.42
2021-09-01	LM_LC_ADR185	16.13
2021-09-01	LM_LC_ADR161	1207.9
2021-09-01	LM_LC_ADR224	125.26
2021-09-01	LM_LC_ADR89	26.45
2021-09-01	LM_LC_ADR93	25.95
2021-09-01	LM_LH_ADR145	9.8
2021-09-01	LM_LH_ADR188	32.18
2021-09-01	LM_LH_ADR190	7.79
2021-09-01	LM_LH_ADR191	18.8
2021-09-01	LM_LH_ADR192	0
2021-09-01	LM_LH_ADR194	771
2021-09-01	LM_LH_ADR207	387.7
2021-09-01	LM_LH_ADR197	1202.5
2021-09-01	LM_LH_ADR215	0
2021-09-01	LM_LH_ADR219	0.03
2021-09-01	LM_LH_ADR220	71.98
2021-09-01	LM_LH_ADR223	169.6
2021-09-01	LM_LH_ADR225	62.6
2021-09-01	LM_LH_ADR226	51.42
2021-09-01	LM_LH_ADR217	470
2021-09-01	LM_LH_ADR228	26.8
2021-09-01	LM_LH_ADR232	49.4
2021-09-01	LM_LH_ADR233	44.6
2021-09-01	LM_LH_ADR230	1.5
2021-09-01	LM_ELE_ADR114	27.81
2021-09-01	LM_ELE_ADR117	21109.11
2021-09-01	LM_WOD_ADR132	272.88
2021-09-01	LM_WOD_ADR133	327.27
2021-09-01	LM_WOD_ADR134	18.27
2021-09-01	LM_WOD_ADR135	0
2021-09-01	LM_WOD_ADR136	63.5
2021-09-01	LM_WOD_ADR139	1190.78
2021-09-01	LM_WOD_ADR141	17
2021-09-01	LM_WOD_ADR142	36
2021-09-01	LM_WOD_ADR143	461.96
2021-09-01	LM_WOD_ADR146	26660.2
2021-09-01	LM_WOD_ADR148	0.05
2021-09-01	LM_WOD_ADR150	34.87
2021-09-01	LM_WOD_ADR237	921.96
2021-09-01	LM_WOD_ADR238	2211.66
2021-09-01	LM_WOD_ADR239	27.72
2021-09-01	LM_WOD_ADR240	99.92
2021-09-01	LM_WOD_ADR241	942.09
2021-09-01	LM_ELE_ADR121	159197.11
2021-09-01	LM_ELE_ADR128	0
2021-09-01	LM_WOD_ADR247_Solution Space	403.63
2021-09-01	LM_WOD_ADR250_Solution Space	150.71
2021-09-01	LM_WOD_ADR30	0
2021-09-01	LM_ELE_ADR001	60136.47
2021-09-01	LM_ELE_ADR002	79330.15
2021-09-01	LM_ELE_ADR003	95754.95
2021-09-01	LM_ELE_ADR006	67984.52
2021-09-01	LM_ELE_ADR007	115028.41
2021-09-01	LM_ELE_ADR009	155515.97
2021-09-01	LM_ELE_ADR011	153288.19
2021-09-01	LM_ELE_ADR013	192436.98
2021-09-01	LM_ELE_ADR014	12320.34
2021-09-01	LM_ELE_ADR015	113091.75
2021-09-01	LM_ELE_ADR016	864589.63
2021-09-01	LM_ELE_ADR018	11572.28
2021-09-01	LM_ELE_ADR020	120383.42
2021-09-01	LM_ELE_ADR022	118320.97
2021-09-01	LM_ELE_ADR023	26475.51
2021-09-01	LM_ELE_ADR025	356782.56
2021-09-01	LM_ELE_ADR028	17203.97
2021-09-01	LM_ELE_ADR034	21184.16
2021-09-01	LM_ELE_ADR036	78816.08
2021-09-01	LM_ELE_ADR039	284463.22
2021-09-01	LM_ELE_ADR040	29531
2021-09-01	LM_ELE_ADR042	3086.24
2021-09-01	LM_ELE_ADR044	6083.54
2021-09-01	LM_ELE_ADR048	6389.79
2021-09-01	LM_ELE_ADR051	6086.89
2021-09-01	LM_ELE_ADR053	17451.16
2021-09-01	LM_ELE_ADR055	5007.91
2021-09-01	LM_ELE_ADR056	19470.48
2021-09-01	LM_ELE_ADR063	189
2021-09-01	LM_ELE_ADR064	0
2021-09-01	LM_ELE_ADR058	72905.41
2021-09-01	LM_ELE_ADR072	21684
2021-09-01	LM_ELE_ADR074	66971
2021-09-01	LM_ELE_ADR076	0
2021-09-01	LM_ELE_ADR081	38846.95
2021-09-01	LM_ELE_ADR085	40309.34
2021-09-01	LM_ELE_ADR090	33148.19
2021-09-01	LM_ELE_ADR107	67646.13
2021-09-01	LM_ELE_ADR108	6060.87
2021-09-01	LM_ELE_ADR109	2011.73
2021-09-01	LM_ELE_ADR110	406.22
2021-09-01	LM_ELE_ADR113	46624.06
2021-09-01	LM_ELE_ADR087	79767.31
2021-09-01	LM_LC_ADR_B45	147.19
2021-09-01	LM_LH_ADR_B46	49.35
2021-09-01	LM_LH_ADR_B47	113
2021-09-01	LM_WOD_ADR_B74	28.46
2021-09-01	LM_ELE_ADR_B06	402729.09
2021-09-01	LM_ELE_ADR046	0
2021-09-01	LM_ELE_ADR010	102811.7
2021-09-01	LM_ELE_ADR043	2456.58
2021-09-01	LM_ELE_ADR_B11	28238.55
2021-09-01	LM_WOD_ADR242	40.46
2021-09-01	LM_ELE_ADR124	67253.3
2021-09-01	LM_ELE_ADR112	674885.69
2021-09-01	LM_WOD_ADR_B75	134.01
2021-09-01	LM_ELE_ADR091	9650.81
2021-09-01	LM_WOD_ADR_B80	95.86
2021-09-01	LM_WOD_ADR_B81	38
2021-09-01	LM_ELE_ADR_B04	262766.25
2021-09-01	LM_ELE_ADR_B05	220849.41
2021-09-01	LM_ELE_ADR_B09	261323.31
2021-09-01	LM_ELE_ADR_B01	0
2021-09-01	LM_ELE_ADR_B10	26075.45
2021-09-01	LM_ELE_ADR_B02	0
2021-09-01	LM_LC_ADR_B18	14.53
2021-09-01	LM_LC_ADR_B20	58.19
2021-09-01	LM_LC_ADR_B22	30.56
2021-09-01	LM_LC_ADR_B24	10
2021-09-01	LM_LC_ADR_B31	350.3
2021-09-01	LM_LC_ADR_B41	383.7
2021-09-01	LM_LC_ADR_B43	6.1
2021-09-01	LM_LH_ADR_B23	59
2021-09-01	LM_LH_ADR_B25	45
2021-09-01	LM_LH_ADR_B27	102.6
2021-09-01	LM_LH_ADR_B35	0
2021-09-01	LM_LH_ADR_B36	0
2021-09-01	LM_LH_ADR_B38	70.3
2021-09-01	LM_LH_ADR_B44	3.8
2021-09-01	LM_WOD_ADR_B76	1736.57
2021-09-01	LM_WOD_ADR_B77	8.75
2021-09-01	LM_LC_ADR_B16	32.45
2021-09-01	LM_LH_ADR_B17	43.7
2021-09-01	LM_WOD_ADR_B79	344.29
2021-09-01	LM_ELE_ADR_B12	14876.21
2021-09-01	LM_ELE_ADR_B13	14013.86
2021-09-01	LM_LC_ADR_B46	45.07
2021-09-01	LM_LC_ADR193	0
2021-09-01	LM_ELE_ADR125	4364.85
2021-09-01	LM_ELE_ADR069	254150
2021-09-01	LM_ELE_ADR075	80
2021-10-01	LM_LC_ADR170	49.47
2021-10-01	LM_LC_ADR172	90.34
2021-10-01	LM_LC_ADR179	70.63
2021-10-01	LM_ELE_ADR021	207188.98
2021-10-01	LM_ELE_ADR078	41999
2021-10-01	LM_ELE_ADR066	0
2021-10-01	LM_ELE_ADR080	155066.56
2021-10-01	LM_LH_ADR199	135.4
2021-10-01	LM_ELE_ADR115	22689.9
2021-10-01	LM_WOD_ADR249_Solution Space	81.19
2021-10-01	LM_WOD_MAIN_W	0
2021-10-01	LM_LC_ADR123	391.8
2021-10-01	LM_LC_ADR151	26237.002
2021-10-01	LM_LC_ADR153	9285
2021-10-01	LM_LC_ADR154	2148.1
2021-10-01	LM_LC_ADR155	5712
2021-10-01	LM_LC_ADR157	924.5
2021-10-01	LM_LC_ADR158	287.4
2021-10-01	LM_LC_ADR162	662.7
2021-10-01	LM_LC_ADR168	73.7
2021-10-01	LM_LC_ADR173	81.97
2021-10-01	LM_LC_ADR174	146.61
2021-10-01	LM_LC_ADR175	0
2021-10-01	LM_LC_ADR176	84.7
2021-10-01	LM_LC_ADR178	98.91
2021-10-01	LM_LC_ADR184	39.17
2021-10-01	LM_LC_ADR186	15.54
2021-10-01	LM_LC_ADR187	29.04
2021-10-01	LM_LC_ADR209	84.72
2021-10-01	LM_LC_ADR32	0
2021-10-01	LM_LC_ADR82	0.77
2021-10-01	LM_LH_ADR122	13.3
2021-10-01	LM_LH_ADR189	55.42
2021-10-01	LM_LH_ADR195	408.4
2021-10-01	LM_LH_ADR196	9
2021-10-01	LM_LH_ADR198	1122
2021-10-01	LM_LH_ADR200	44.4
2021-10-01	LM_LH_ADR203	212.7
2021-10-01	LM_LH_ADR204	92.5
2021-10-01	LM_LH_ADR208	271.8
2021-10-01	LM_LH_ADR211	26.2
2021-10-01	LM_LH_ADR212	134.8
2021-10-01	LM_LH_ADR216	30.09
2021-10-01	LM_LH_ADR218	372.5
2021-10-01	LM_LH_ADR221	279.7
2021-10-01	LM_LH_ADR222	0
2021-10-01	LM_LH_ADR227	40.9
2021-10-01	LM_LH_ADR229	84.81
2021-10-01	LM_LH_ADR231	0
2021-10-01	LM_LH_ADR234	0
2021-10-01	LM_LH_ADR235	84.4
2021-10-01	LM_LH_ADR33	0
2021-10-01	LM_ELE_ADR008	82018.48
2021-10-01	LM_ELE_ADR012	63353
2021-10-01	LM_ELE_ADR017	11189.95
2021-10-01	LM_ELE_ADR019	2439.53
2021-10-01	LM_ELE_ADR024	112330.98
2021-10-01	LM_ELE_ADR027	34233.54
2021-10-01	LM_LC_ADR163	26.46
2021-10-01	LM_LC_ADR164	0.02
2021-10-01	LM_LH_ADR201	80.4
2021-10-01	LM_ELE_ADR029	10393.14
2021-10-01	LM_ELE_ADR031	155303.34
2021-10-01	LM_ELE_ADR038	282444.97
2021-10-01	LM_ELE_ADR041	58626.18
2021-10-01	LM_ELE_ADR045	5304.21
2021-10-01	LM_ELE_ADR047	4774.66
2021-10-01	LM_ELE_ADR049	13358.75
2021-10-01	LM_ELE_ADR052	9973.67
2021-10-01	LM_ELE_ADR054	27897.96
2021-10-01	LM_ELE_ADR057	5513.08
2021-10-01	LM_ELE_ADR059	20733.94
2021-10-01	LM_ELE_ADR060	0
2021-10-01	LM_ELE_ADR061	0
2021-10-01	LM_ELE_ADR062	17897
2021-10-01	LM_ELE_ADR065	0
2021-10-01	LM_ELE_ADR067	127
2021-10-01	LM_ELE_ADR068	691
2021-10-01	LM_ELE_ADR070	88
2021-10-01	LM_ELE_ADR071	68685
2021-10-01	LM_ELE_ADR073	88
2021-10-01	LM_ELE_ADR077	1063
2021-10-01	LM_ELE_ADR084	50500.22
2021-10-01	LM_ELE_ADR086	11968.03
2021-10-01	LM_ELE_ADR088	33125.77
2021-10-01	LM_ELE_ADR094	1436.89
2021-10-01	LM_ELE_ADR095	88822.03
2021-10-01	LM_ELE_ADR097	25116.91
2021-10-01	LM_ELE_ADR098	3118.36
2021-10-01	LM_ELE_ADR099	63245.66
2021-10-01	LM_ELE_ADR100	14378.39
2021-10-01	LM_ELE_ADR101	6596.67
2021-10-01	LM_ELE_ADR111	362.45
2021-10-01	LM_ELE_ADR116	12475.49
2021-10-01	LM_ELE_ADR118	18737.56
2021-10-01	LM_ELE_ADR119	67089.59
2021-10-01	LM_ELE_ADR120	72774.93
2021-10-01	LM_WOD_ADR129	99.27
2021-10-01	LM_WOD_ADR140	120.87
2021-10-01	LM_WOD_ADR147	53.88
2021-10-01	LM_WOD_ADR246_Solution Space	456.02
2021-10-01	LM_WOD_ADR248_Solution Space	34.73
2021-10-01	LM_ELE_ADR_B03	116011.19
2021-10-01	LM_ELE_ADR_B07	91297.08
2021-10-01	LM_ELE_ADR_B08	136360.48
2021-10-01	LM_LC_ADR_B26	106.14
2021-10-01	LM_LC_ADR_B30	348
2021-10-01	LM_LC_ADR_B32	773.3
2021-10-01	LM_LC_ADR_B33	658.9
2021-10-01	LM_LH_ADR_B19	77
2021-10-01	LM_LH_ADR_B21	165.9
2021-10-01	LM_LH_ADR_B34	0
2021-10-01	LM_LH_ADR_B37	0.4
2021-10-01	LM_LH_ADR_B39	94.9
2021-10-01	LM_LH_ADR_B40	158.1
2021-10-01	LM_LH_ADR_B42	0
2021-10-01	LM_WOD_ADR_B78	177.62
2021-10-01	LM_LC_ADR102	42.15
2021-10-01	LM_LC_ADR103	46.22
2021-10-01	LM_LC_ADR104	56.96
2021-10-01	LM_LC_ADR152	4267.9
2021-10-01	LM_LC_ADR149	0.91
2021-10-01	LM_LC_ADR156	2796.9
2021-10-01	LM_LC_ADR171	239.54
2021-10-01	LM_LC_ADR165	37.14
2021-10-01	LM_LC_ADR166	29.88
2021-10-01	LM_LC_ADR180	125.39
2021-10-01	LM_LC_ADR181	0.1
2021-10-01	LM_LC_ADR182	73.67
2021-10-01	LM_LC_ADR183	1.42
2021-10-01	LM_LC_ADR185	16.13
2021-10-01	LM_LC_ADR161	1221
2021-10-01	LM_LC_ADR224	127.77
2021-10-01	LM_LC_ADR89	27.13
2021-10-01	LM_LC_ADR93	26.63
2021-10-01	LM_LH_ADR145	9.8
2021-10-01	LM_LH_ADR188	32.18
2021-10-01	LM_LH_ADR190	7.79
2021-10-01	LM_LH_ADR191	18.8
2021-10-01	LM_LH_ADR192	0
2021-10-01	LM_LH_ADR194	780
2021-10-01	LM_LH_ADR207	390.1
2021-10-01	LM_LH_ADR197	1220.3
2021-10-01	LM_LH_ADR215	0
2021-10-01	LM_LH_ADR219	0.03
2021-10-01	LM_LH_ADR220	71.98
2021-10-01	LM_LH_ADR223	176.6
2021-10-01	LM_LH_ADR225	65.8
2021-10-01	LM_LH_ADR226	52.68
2021-10-01	LM_LH_ADR217	478.1
2021-10-01	LM_LH_ADR228	26.8
2021-10-01	LM_LH_ADR232	50.73
2021-10-01	LM_LH_ADR233	45
2021-10-01	LM_LH_ADR230	1.6
2021-10-01	LM_ELE_ADR114	234686.39
2021-10-01	LM_ELE_ADR117	21530.5
2021-10-01	LM_WOD_ADR132	278.82
2021-10-01	LM_WOD_ADR133	330.9
2021-10-01	LM_WOD_ADR134	18.32
2021-10-01	LM_WOD_ADR135	0
2021-10-01	LM_WOD_ADR136	64.42
2021-10-01	LM_WOD_ADR139	1229.01
2021-10-01	LM_WOD_ADR141	17
2021-10-01	LM_WOD_ADR142	36
2021-10-01	LM_WOD_ADR143	536.38
2021-10-01	LM_WOD_ADR146	27358.2
2021-10-01	LM_WOD_ADR148	0.05
2021-10-01	LM_WOD_ADR150	35.9
2021-10-01	LM_WOD_ADR237	922.44
2021-10-01	LM_WOD_ADR238	2212.2
2021-10-01	LM_WOD_ADR239	28.41
2021-10-01	LM_WOD_ADR240	104.38
2021-10-01	LM_WOD_ADR241	966.51
2021-10-01	LM_ELE_ADR121	159337.59
2021-10-01	LM_ELE_ADR128	0
2021-10-01	LM_WOD_ADR247_Solution Space	432.41
2021-10-01	LM_WOD_ADR250_Solution Space	158.95
2021-10-01	LM_WOD_ADR30	0
2021-10-01	LM_ELE_ADR001	61353.58
2021-10-01	LM_ELE_ADR002	80798.09
2021-10-01	LM_ELE_ADR003	97450.34
2021-10-01	LM_ELE_ADR006	69242.64
2021-10-01	LM_ELE_ADR007	116377.61
2021-10-01	LM_ELE_ADR009	156773.48
2021-10-01	LM_ELE_ADR011	154770.3
2021-10-01	LM_ELE_ADR013	194130.38
2021-10-01	LM_ELE_ADR014	12619.06
2021-10-01	LM_ELE_ADR015	115660.3
2021-10-01	LM_ELE_ADR016	878135.44
2021-10-01	LM_ELE_ADR018	11797.69
2021-10-01	LM_ELE_ADR020	122399.73
2021-10-01	LM_ELE_ADR022	121126.85
2021-10-01	LM_ELE_ADR023	27435.62
2021-10-01	LM_ELE_ADR025	368265.22
2021-10-01	LM_ELE_ADR028	17225
2021-10-01	LM_ELE_ADR034	22241.62
2021-10-01	LM_ELE_ADR036	80053
2021-10-01	LM_ELE_ADR039	291323.94
2021-10-01	LM_ELE_ADR040	29531
2021-10-01	LM_ELE_ADR042	3145.55
2021-10-01	LM_ELE_ADR044	6182.73
2021-10-01	LM_ELE_ADR048	6495.33
2021-10-01	LM_ELE_ADR051	6186.87
2021-10-01	LM_ELE_ADR053	17518.61
2021-10-01	LM_ELE_ADR055	5096.3
2021-10-01	LM_ELE_ADR056	19810.58
2021-10-01	LM_ELE_ADR063	189
2021-10-01	LM_ELE_ADR064	0
2021-10-01	LM_ELE_ADR058	74235.74
2021-10-01	LM_ELE_ADR072	22363
2021-10-01	LM_ELE_ADR074	68685
2021-10-01	LM_ELE_ADR076	0
2021-10-01	LM_ELE_ADR081	40065.14
2021-10-01	LM_ELE_ADR085	42413.95
2021-10-01	LM_ELE_ADR090	33862.21
2021-10-01	LM_ELE_ADR107	69925.54
2021-10-01	LM_ELE_ADR108	6121.08
2021-10-01	LM_ELE_ADR109	2012.89
2021-10-01	LM_ELE_ADR110	406.22
2021-10-01	LM_ELE_ADR113	47648.37
2021-10-01	LM_ELE_ADR087	81020.84
2021-10-01	LM_LC_ADR_B45	149.22
2021-10-01	LM_LH_ADR_B46	49.35
2021-10-01	LM_LH_ADR_B47	115.5
2021-10-01	LM_WOD_ADR_B74	29.68
2021-10-01	LM_ELE_ADR_B06	407569
2021-10-01	LM_ELE_ADR046	0
2021-10-01	LM_ELE_ADR010	105187.4
2021-10-01	LM_ELE_ADR043	2504.1
2021-10-01	LM_ELE_ADR_B11	28783.63
2021-10-01	LM_WOD_ADR242	41.48
2021-10-01	LM_ELE_ADR124	72250.16
2021-10-01	LM_ELE_ADR112	683710.06
2021-10-01	LM_WOD_ADR_B75	141.49
2021-10-01	LM_ELE_ADR091	9985.07
2021-10-01	LM_WOD_ADR_B80	101.04
2021-10-01	LM_WOD_ADR_B81	38.94
2021-10-01	LM_ELE_ADR_B04	269433.63
2021-10-01	LM_ELE_ADR_B05	230654.34
2021-10-01	LM_ELE_ADR_B09	266403.13
2021-10-01	LM_ELE_ADR_B01	0
2021-10-01	LM_ELE_ADR_B10	26616.45
2021-10-01	LM_ELE_ADR_B02	0
2021-10-01	LM_LC_ADR_B18	14.71
2021-10-01	LM_LC_ADR_B20	58.37
2021-10-01	LM_LC_ADR_B22	30.9
2021-10-01	LM_LC_ADR_B24	10.02
2021-10-01	LM_LC_ADR_B31	352.6
2021-10-01	LM_LC_ADR_B41	387
2021-10-01	LM_LC_ADR_B43	6.3
2021-10-01	LM_LH_ADR_B23	62.5
2021-10-01	LM_LH_ADR_B25	48
2021-10-01	LM_LH_ADR_B27	108.8
2021-10-01	LM_LH_ADR_B35	0
2021-10-01	LM_LH_ADR_B36	0
2021-10-01	LM_LH_ADR_B38	71.3
2021-10-01	LM_LH_ADR_B44	4.1
2021-10-01	LM_WOD_ADR_B76	1736.57
2021-10-01	LM_WOD_ADR_B77	8.81
2021-10-01	LM_LC_ADR_B16	32.45
2021-10-01	LM_LH_ADR_B17	46
2021-10-01	LM_WOD_ADR_B79	360.11
2021-10-01	LM_ELE_ADR_B12	15296.32
2021-10-01	LM_ELE_ADR_B13	14309.25
2021-10-01	LM_LC_ADR_B46	45.07
2021-10-01	LM_LC_ADR193	0
2021-10-01	LM_ELE_ADR125	4493.19
2021-10-01	LM_ELE_ADR069	259359
2021-10-01	LM_ELE_ADR075	88
2022-02-01	LM_ELE_ADR021	251549.02
2022-02-01	LM_ELE_ADR078	51470
2022-02-01	LM_ELE_ADR066	0
2022-02-01	LM_LH_ADR199	143.6
2022-02-01	LM_ELE_ADR115	24653.31
2022-02-01	LM_WOD_ADR249_Solution Space	97.4
2022-02-01	LM_LC_ADR172	119.11
2022-02-01	LM_LC_ADR179	84.03
2022-02-01	LM_LC_ADR151	29352
2022-02-01	LM_LC_ADR153	10127.999
2022-02-01	LM_LC_ADR154	2484.3
2022-02-01	LM_LC_ADR157	1048.1
2022-02-01	LM_LC_ADR158	339.7
2022-02-01	LM_LC_ADR162	756.6
2022-02-01	LM_LC_ADR168	104.7
2022-02-01	LM_LC_ADR173	96.82
2022-02-01	LM_LC_ADR174	185.11
2022-02-01	LM_LC_ADR175	0
2022-02-01	LM_LC_ADR176	84.7
2022-02-01	LM_LC_ADR178	123.98
2022-02-01	LM_LC_ADR184	42.21
2022-02-01	LM_LC_ADR186	19.23
2022-02-01	LM_LC_ADR187	32.69
2022-02-01	LM_LC_ADR209	93.91
2022-02-01	LM_LC_ADR32	0
2022-02-01	LM_LC_ADR82	17.73
2022-02-01	LM_LH_ADR189	59.89
2022-02-01	LM_LH_ADR195	421.2
2022-02-01	LM_LH_ADR196	9
2022-02-01	LM_LH_ADR198	1202.7
2022-02-01	LM_LH_ADR200	46.2
2022-02-01	LM_LH_ADR203	219.2
2022-02-01	LM_LH_ADR204	97
2022-02-01	LM_LH_ADR208	301.7
2022-02-01	LM_LH_ADR211	34
2022-02-01	LM_LH_ADR212	172.6
2022-02-01	LM_LH_ADR216	34.12
2022-02-01	LM_LH_ADR218	413.2
2022-02-01	LM_LH_ADR221	320
2022-02-01	LM_LH_ADR227	41.2
2022-02-01	LM_LH_ADR229	84.89
2022-02-01	LM_LH_ADR231	0
2022-02-01	LM_LH_ADR234	0
2022-02-01	LM_LH_ADR235	86.5
2022-02-01	LM_LH_ADR33	0
2022-02-01	LM_ELE_ADR008	97831.65
2022-02-01	LM_ELE_ADR012	87149.57
2022-02-01	LM_ELE_ADR017	12257.11
2022-02-01	LM_ELE_ADR019	3435.56
2022-02-01	LM_ELE_ADR024	121066.4
2022-02-01	LM_ELE_ADR027	35402.46
2022-02-01	LM_LC_ADR163	29.09
2022-02-01	LM_LC_ADR164	0.02
2022-02-01	LM_ELE_ADR029	12371.34
2022-02-01	LM_ELE_ADR031	181418.47
2022-02-01	LM_ELE_ADR038	334335
2022-02-01	LM_ELE_ADR041	64496.91
2022-02-01	LM_ELE_ADR045	5726.03
2022-02-01	LM_ELE_ADR047	5176.02
2022-02-01	LM_ELE_ADR049	14222.81
2022-02-01	LM_ELE_ADR052	10706.11
2022-02-01	LM_ELE_ADR054	29812.87
2022-02-01	LM_ELE_ADR057	5904.71
2022-02-01	LM_ELE_ADR059	22648.19
2022-02-01	LM_ELE_ADR060	0
2022-02-01	LM_ELE_ADR061	0
2022-02-01	LM_ELE_ADR062	20565
2022-02-01	LM_ELE_ADR067	263
2022-02-01	LM_ELE_ADR068	4985
2022-02-01	LM_ELE_ADR070	88
2022-02-01	LM_ELE_ADR071	75233
2022-02-01	LM_ELE_ADR073	88
2022-02-01	LM_ELE_ADR077	1063
2022-02-01	LM_ELE_ADR084	53847.27
2022-02-01	LM_ELE_ADR086	13821.6
2022-02-01	LM_ELE_ADR088	36948.7
2022-02-01	LM_ELE_ADR094	1462.52
2022-02-01	LM_ELE_ADR095	97442.04
2022-02-01	LM_ELE_ADR097	29310.53
2022-02-01	LM_ELE_ADR098	3400.38
2022-02-01	LM_ELE_ADR099	76247.55
2022-02-01	LM_ELE_ADR101	7398.1
2022-02-01	LM_ELE_ADR111	362.57
2022-02-01	LM_ELE_ADR116	15037.65
2022-02-01	LM_ELE_ADR118	20349.74
2022-02-01	LM_ELE_ADR119	72391.63
2022-02-01	LM_ELE_ADR120	81033.69
2022-02-01	LM_WOD_ADR129	112.4
2022-02-01	LM_WOD_ADR140	122.18
2022-02-01	LM_WOD_ADR147	58.49
2022-02-01	LM_WOD_ADR246_Solution Space	516.55
2022-02-01	LM_ELE_ADR_B03	124573.65
2022-02-01	LM_ELE_ADR_B07	98367.93
2022-02-01	LM_ELE_ADR_B08	146734.16
2022-02-01	LM_LC_ADR_B26	145.93
2022-02-01	LM_LC_ADR_B30	411.4
2022-02-01	LM_LC_ADR_B32	913.5
2022-02-01	LM_LC_ADR_B33	815.6
2022-02-01	LM_LH_ADR_B19	100.4
2022-02-01	LM_LH_ADR_B21	194.8
2022-02-01	LM_LH_ADR_B34	0
2022-02-01	LM_LH_ADR_B37	0.4
2022-02-01	LM_LH_ADR_B39	95.9
2022-02-01	LM_LH_ADR_B40	161.1
2022-02-01	LM_LH_ADR_B42	0
2022-02-01	LM_WOD_ADR_B78	185.42
2022-02-01	LM_LC_ADR102	49.8
2022-02-01	LM_LC_ADR103	54.9
2022-02-01	LM_LC_ADR104	72.38
2022-02-01	LM_LC_ADR152	4794.2
2022-02-01	LM_LC_ADR149	0.91
2022-02-01	LM_LC_ADR156	3338.1
2022-02-01	LM_LC_ADR171	292.38
2022-02-01	LM_LC_ADR166	35.97
2022-02-01	LM_LC_ADR180	140.15
2022-02-01	LM_LC_ADR181	0.1
2022-02-01	LM_LC_ADR182	86.42
2022-02-01	LM_LC_ADR183	1.42
2022-02-01	LM_LC_ADR185	18.94
2022-02-01	LM_LC_ADR161	1382.2
2022-02-01	LM_LC_ADR224	154.87
2022-02-01	LM_LC_ADR89	34.48
2022-02-01	LM_LC_ADR93	33.99
2022-02-01	LM_LH_ADR145	10.07
2022-02-01	LM_LH_ADR188	32.18
2022-02-01	LM_LH_ADR190	7.89
2022-02-01	LM_LH_ADR191	18.8
2022-02-01	LM_LH_ADR194	0
2022-02-01	LM_LH_ADR207	404
2022-02-01	LM_LH_ADR197	1255
2022-02-01	LM_LH_ADR215	0
2022-02-01	LM_LH_ADR219	0.03
2022-02-01	LM_LH_ADR220	112.2
2022-02-01	LM_LC_ADR123	495.8
2022-02-01	LM_LH_ADR226	74.26
2022-02-01	LM_LH_ADR217	500.6
2022-02-01	LM_LH_ADR228	28.8
2022-02-01	LM_LH_ADR232	56.08
2022-02-01	LM_LH_ADR233	45.1
2022-02-01	LM_LH_ADR230	1.7
2022-02-01	LM_ELE_ADR114	27.81
2022-02-01	LM_ELE_ADR117	22575.19
2022-02-01	LM_WOD_ADR132	295.06
2022-02-01	LM_WOD_ADR133	341.32
2022-02-01	LM_WOD_ADR134	18.68
2022-02-01	LM_WOD_ADR135	0
2022-02-01	LM_WOD_ADR136	67.95
2022-02-01	LM_WOD_ADR139	1373.72
2022-02-01	LM_WOD_ADR141	17
2022-02-01	LM_WOD_ADR142	36
2022-02-01	LM_WOD_ADR143	557.39
2022-02-01	LM_WOD_ADR146	29509.9
2022-02-01	LM_WOD_ADR150	39.76
2022-02-01	LM_WOD_ADR237	923.48
2022-02-01	LM_WOD_ADR238	2339.71
2022-02-01	LM_WOD_ADR239	32.58
2022-02-01	LM_WOD_ADR240	123.18
2022-02-01	LM_WOD_ADR241	75.02
2022-02-01	LM_ELE_ADR121	175365.19
2022-02-01	LM_ELE_ADR128	0
2022-02-01	LM_WOD_ADR247_Solution Space	529.71
2022-02-01	LM_WOD_ADR250_Solution Space	189.3
2022-02-01	LM_WOD_ADR30	0
2022-02-01	LM_ELE_ADR001	66007.05
2022-02-01	LM_ELE_ADR002	86535.94
2022-02-01	LM_ELE_ADR003	113987.09
2022-02-01	LM_ELE_ADR007	132043.48
2022-02-01	LM_ELE_ADR009	171144.14
2022-02-01	LM_ELE_ADR011	159997.03
2022-02-01	LM_ELE_ADR013	210673.16
2022-02-01	LM_ELE_ADR014	13952.76
2022-02-01	LM_ELE_ADR015	126920.1
2022-02-01	LM_ELE_ADR016	923599.81
2022-02-01	LM_ELE_ADR018	12752.73
2022-02-01	LM_ELE_ADR020	132678.55
2022-02-01	LM_ELE_ADR022	142617.03
2022-02-01	LM_ELE_ADR023	31583.81
2022-02-01	LM_ELE_ADR025	472703.31
2022-02-01	LM_ELE_ADR028	18901.9
2022-02-01	LM_ELE_ADR034	26667.94
2022-02-01	LM_ELE_ADR039	344429.31
2022-02-01	LM_ELE_ADR040	35362.11
2022-02-01	LM_ELE_ADR042	3386.54
2022-02-01	LM_ELE_ADR044	6584.33
2022-02-01	LM_ELE_ADR048	6929.77
2022-02-01	LM_ELE_ADR051	6629.05
2022-02-01	LM_ELE_ADR053	20754.22
2022-02-01	LM_ELE_ADR055	5466.68
2022-02-01	LM_ELE_ADR056	21274.12
2022-02-01	LM_ELE_ADR063	190
2022-02-01	LM_ELE_ADR064	0
2022-02-01	LM_ELE_ADR058	79819.27
2022-02-01	LM_ELE_ADR072	25104
2022-02-01	LM_ELE_ADR074	75233
2022-02-01	LM_ELE_ADR081	52698.55
2022-02-01	LM_ELE_ADR085	51580.84
2022-02-01	LM_ELE_ADR090	36665.89
2022-02-01	LM_ELE_ADR107	80298.7
2022-02-01	LM_ELE_ADR108	6415.71
2022-02-01	LM_ELE_ADR109	2014.96
2022-02-01	LM_ELE_ADR110	410.99
2022-02-01	LM_ELE_ADR113	52000.55
2022-02-01	LM_ELE_ADR087	86546.52
2022-02-01	LM_LC_ADR_B45	195.43
2022-02-01	LM_LH_ADR_B46	49.35
2022-02-01	LM_LH_ADR_B47	116.9
2022-02-01	LM_WOD_ADR_B74	33.72
2022-02-01	LM_ELE_ADR_B06	443934.75
2022-02-01	LM_ELE_ADR010	115438.13
2022-02-01	LM_ELE_ADR043	2712.82
2022-02-01	LM_ELE_ADR_B11	31498.86
2022-02-01	LM_WOD_ADR242	42.36
2022-02-01	LM_ELE_ADR124	94003.3
2022-02-01	LM_ELE_ADR112	712140.31
2022-02-01	LM_WOD_ADR_B75	178.47
2022-02-01	LM_ELE_ADR091	11382.49
2022-02-01	LM_WOD_ADR_B80	115.74
2022-02-01	LM_WOD_ADR_B81	41.97
2022-02-01	LM_ELE_ADR_B04	277274.69
2022-02-01	LM_ELE_ADR_B05	241527.45
2022-02-01	LM_ELE_ADR_B09	287958.41
2022-02-01	LM_ELE_ADR_B01	0
2022-02-01	LM_ELE_ADR_B02	0
2022-02-01	LM_LC_ADR_B18	18
2022-02-01	LM_LC_ADR_B20	69.09
2022-02-01	LM_LC_ADR_B22	50.73
2022-02-01	LM_LC_ADR_B24	10.02
2022-02-01	LM_LC_ADR_B31	415.4
2022-02-01	LM_LC_ADR_B41	474
2022-02-01	LM_LC_ADR_B43	7.8
2022-02-01	LM_LH_ADR_B23	64.3
2022-02-01	LM_LH_ADR_B25	57.1
2022-02-01	LM_LH_ADR_B27	134.9
2022-02-01	LM_LH_ADR_B35	0
2022-02-01	LM_LH_ADR_B36	0
2022-02-01	LM_LH_ADR_B38	72
2022-02-01	LM_WOD_ADR_B76	1736.79
2022-02-01	LM_WOD_ADR_B77	8.96
2022-02-01	LM_LC_ADR_B16	38.82
2022-02-01	LM_LH_ADR_B17	49.7
2022-02-01	LM_WOD_ADR_B79	360.11
2022-02-01	LM_ELE_ADR_B12	17378.82
2022-02-01	LM_ELE_ADR_B13	15053.19
2022-02-01	LM_LC_ADR_B46	50.53
2022-02-01	LM_LC_ADR193	0
2022-02-01	LM_ELE_ADR125	4839.43
2022-02-01	LM_ELE_ADR069	284569
2022-02-01	LM_ELE_ADR075	10457
2022-02-01	LM_ELE_ADR080	166806.13
2022-02-01	LM_WOD_MAIN_W	0
2022-02-01	LM_LC_ADR155	6635.4
2022-02-01	LM_LH_ADR122	14.6
2022-02-01	LM_LH_ADR222	0
2022-02-01	LM_LH_ADR201	89.1
2022-02-01	LM_ELE_ADR065	0
2022-02-01	LM_ELE_ADR100	16913.35
2022-02-01	LM_WOD_ADR248_Solution Space	42.87
2022-02-01	LM_LC_ADR165	45.27
2022-02-01	LM_LH_ADR225	70.8
2022-02-01	LM_LC_ADR170	54.02
2022-02-01	LM_LH_ADR192	0
2022-02-01	LM_LH_ADR223	176.6
2022-02-01	LM_WOD_ADR148	0.03
2022-02-01	LM_ELE_ADR006	74879.59
2022-02-01	LM_ELE_ADR036	87695.79
2022-02-01	LM_ELE_ADR076	0
2022-02-01	LM_ELE_ADR046	0
2022-02-01	LM_ELE_ADR_B10	29013.71
2022-02-01	LM_LH_ADR_B44	4.5
2022-02-01	LM_LC_ADR159	4420
2022-02-01	LM_LC_ADR160	7870
2022-02-01	LM_LH_ADR167	1350
2022-02-01	LM_WOD_ADR236	5.6
\.


--
-- Data for Name: ordung; Type: TABLE DATA; Schema: public; Owner: czarek
--

COPY public.ordung (adres, kolejnosc) FROM stdin;
LM_WOD_ADR146	10
LM_WOD_ADR143	50
LM_LC_ADR151	90
LM_LH_ADR198	110
LM_LH_ADR197	120
LM_LH_ADR194	130
LM_LH_ADR195	140
LM_LH_ADR196	150
LM_LC_ADR156	160
LM_LC_ADR155	170
LM_LC_ADR154	180
LM_LC_ADR153	190
LM_LC_ADR152	200
LM_ELE_ADR038	290
LM_WOD_ADR139	310
LM_LC_ADR168	320
LM_LH_ADR226	330
LM_LC_ADR103	370
LM_ELE_ADR069	380
LM_WOD_ADR133	390
LM_WOD_ADR132	400
LM_WOD_ADR134	410
LM_LH_ADR207	420
LM_LC_ADR157	430
LM_LH_ADR199	440
LM_LH_ADR211	450
LM_LH_ADR203	460
LM_LC_ADR161	470
LM_ELE_ADR059	480
LM_ELE_ADR080	490
LM_ELE_ADR095	500
LM_ELE_ADR084	510
LM_ELE_ADR098	520
LM_ELE_ADR087	530
LM_ELE_ADR013	540
LM_ELE_ADR011	550
LM_ELE_ADR009	560
LM_WOD_ADR136	580
LM_LC_ADR_B31	600
LM_LH_ADR_B38	610
LM_LH_ADR_B40	630
LM_LC_ADR_B32	640
LM_ELE_ADR_B08	650
LM_ELE_ADR_B07	660
LM_ELE_ADR_B03	670
LM_ELE_ADR007	680
LM_ELE_ADR046	690
LM_ELE_ADR125	700
LM_WOD_ADR140	710
LM_ELE_ADR049	720
LM_ELE_ADR039	730
LM_WOD_ADR_B78	740
LM_LC_ADR_B41	760
LM_ELE_ADR_B09	820
LM_ELE_ADR108	830
LM_ELE_ADR006	840
LM_ELE_ADR003	850
LM_LC_ADR_B33	880
LM_LH_ADR_B39	890
LM_ELE_ADR_B12	910
LM_ELE_ADR_B13	920
LM_ELE_ADR_B06	930
LM_ELE_ADR_B05	940
LM_ELE_ADR_B04	950
LM_WOD_ADR150	960
LM_LC_ADR172	970
LM_LH_ADR218	980
LM_LH_ADR217	990
LM_LC_ADR171	1000
LM_LH_ADR232	1010
LM_LC_ADR178	1020
LM_ELE_ADR114	1030
LM_ELE_ADR112	1040
LM_LC_ADR175	1060
LM_LH_ADR222	1070
LM_LH_ADR223	1080
LM_LC_ADR176	1090
LM_LC_ADR102	1100
LM_ELE_ADR071	1110
LM_WOD_ADR236	1340
LM_LH_ADR216	1130
LM_WOD_ADR147	1140
LM_LC_ADR170	1150
LM_ELE_ADR088	1180
LM_ELE_ADR008	1190
LM_LH_ADR219	1220
LM_LH_ADR220	1230
LM_ELE_ADR072	1250
LM_ELE_ADR010	1260
LM_WOD_ADR129	1270
LM_LC_ADR174	1280
LM_LH_ADR221	1290
LM_LC_ADR163	1300
LM_LH_ADR201	1310
LM_LC_ADR164	1320
LM_ELE_ADR124	1330
LM_LC_ADR159	1350
LM_LH_ADR167	1360
LM_LC_ADR160	1370
LM_ELE_ADR068	1380
----	1341
----	1371
----	1381
----	1382
----	1383
LM_ELE_ADR015	1120
LM_WOD_ADR242	1410
LM_LH_ADR227	341
LM_LC_ADR_B46	351
LM_ELE_ADR_B10	\N
LM_ELE_ADR_B02	\N
LM_ELE_ADR075	\N
LM_WOD_ADR_B76	\N
LM_WOD_ADR_B77	\N
LM_ELE_ADR016	\N
LM_ELE_ADR018	\N
LM_ELE_ADR020	\N
LM_ELE_ADR022	\N
LM_ELE_ADR073	\N
LM_ELE_ADR070	\N
LM_ELE_ADR068	\N
LM_ELE_ADR067	\N
LM_ELE_ADR024	\N
LM_LH_ADR_B37	\N
LM_ELE_ADR065	\N
LM_ELE_ADR019	\N
LM_ELE_ADR_B11	\N
LM_ELE_ADR017	\N
LM_WOD_ADR142	\N
LM_WOD_ADR141	\N
LM_ELE_ADR002	\N
LM_ELE_ADR128	\N
LM_WOD_ADR148	\N
LM_WOD_ADR30	\N
LM_WOD_ADR241	\N
LM_WOD_ADR240	\N
LM_LH_ADR_B35	\N
LM_ELE_ADR097	\N
LM_ELE_ADR109	\N
LM_ELE_ADR085	\N
LM_ELE_ADR081	\N
LM_ELE_ADR076	\N
LM_ELE_ADR074	\N
LM_ELE_ADR058	\N
LM_ELE_ADR064	\N
LM_LH_ADR208	\N
LM_LH_ADR200	\N
LM_ELE_ADR043	\N
LM_ELE_ADR066	\N
LM_ELE_ADR055	\N
LM_ELE_ADR056	\N
LM_ELE_ADR063	\N
LM_ELE_ADR021	\N
LM_WOD_MAIN_W	\N
LM_LC_ADR158	\N
LM_ELE_ADR053	\N
LM_ELE_ADR051	\N
LM_ELE_ADR048	\N
LM_ELE_ADR044	\N
LM_ELE_ADR042	\N
LM_ELE_ADR052	\N
LM_ELE_ADR040	\N
LM_ELE_ADR036	\N
LM_ELE_ADR047	\N
LM_ELE_ADR045	\N
LM_ELE_ADR041	\N
LM_ELE_ADR034	\N
LM_ELE_ADR025	\N
LM_ELE_ADR023	\N
LM_ELE_ADR054	\N
LM_ELE_ADR057	\N
LM_ELE_ADR060	\N
LM_ELE_ADR061	\N
LM_ELE_ADR111	\N
LM_ELE_ADR116	\N
LM_ELE_ADR118	\N
LM_ELE_ADR119	\N
LM_ELE_ADR_B01	\N
LM_LH_ADR215	1160
LM_LC_ADR_B30	800
LM_LH_ADR_B42	770
LM_LC_ADR173	1210
----	21
----	31
----	41
----	61
----	71
----	81
----	101
----	211
----	221
----	231
----	241
----	251
----	261
----	271
----	281
----	301
----	361
----	571
----	591
----	751
----	781
----	791
----	811
----	861
----	871
----	901
----	1051
----	1201
----	1241
----	62
----	202
----	203
LM_LH_ADR225	2100
LM_LC_ADR93	2110
LM_LH_ADR_B23	2120
LM_LC_ADR_B22	2130
LM_ELE_ADR062	2140
LM_WOD_ADR_B80	2160
LM_LC_ADR_B16	2180
LM_LH_ADR_B17	2190
LM_LC_ADR_B20	2200
LM_LH_ADR_B21	2210
LM_LC_ADR_B18	2220
----	242
----	302
----	304
----	303
----	312
----	372
----	382
----	383
----	384
----	412
----	472
----	562
----	563
----	564
----	592
----	642
----	702
----	703
----	704
----	732
----	733
----	734
----	752
----	812
----	852
----	853
----	854
----	872
----	902
----	952
----	953
----	954
----	962
----	1022
----	1042
----	1043
----	1044
----	1052
----	1102
----	1132
----	1133
----	1134
----	1142
----	1172
----	1192
----	1193
----	1194
----	1202
----	1232
----	1262
----	1263
----	1264
----	1272
----	1322
----	1332
----	1333
----	1334
LM_LH_ADR216	1171
LM_LH_ADR_B36	620
LM_LC_ADR179	1420
LM_LH_ADR228	1430
LM_LC_ADR165	1440
LM_LC_ADR166	1450
LM_ELE_ADR090	1460
LM_WOD_ADR247_Solution Space	1480
LM_WOD_ADR246_Solution Space	1490
LM_LC_ADR181	1510
LM_LH_ADR230	1520
LM_LC_ADR180	1530
LM_LH_ADR229	1540
LM_ELE_ADR031	1550
LM_ELE_ADR086	1560
LM_ELE_ADR028	1580
LM_WOD_ADR250_Solution Space	1590
LM_WOD_ADR249_Solution Space	1600
LM_WOD_ADR248_Solution Space	1610
LM_LH_ADR212	1620
LM_LC_ADR162	1630
LM_LH_ADR204	1640
LM_ELE_ADR099	1650
LM_ELE_ADR012	1680
LM_WOD_ADR239	1710
LM_LC_ADR182	1720
LM_LH_ADR233	1730
LM_LH_ADR234	1740
LM_ELE_ADR100	1750
LM_ELE_ADR101	1760
LM_WOD_ADR238	1780
LM_LC_ADR209	1790
LM_LH_ADR235	1800
LM_LC_ADR224	1810
LM_LH_ADR_B44	1820
LM_LC_ADR_B43	1830
LM_ELE_ADR121	1840
LM_ELE_ADR027	1850
LM_ELE_ADR120	1860
LM_ELE_ADR110	1870
LM_WOD_ADR_B79	1880
LM_WOD_ADR_B75	1890
LM_ELE_ADR078	1910
LM_ELE_ADR077	1920
LM_LC_ADR104	1940
LM_LC_ADR_B26	1950
LM_LH_ADR_B27	1960
LM_LC_ADR123	1970
LM_LH_ADR122	1980
LM_LH_ADR227	2000
LM_LC_ADR_B46	2010
LM_WOD_ADR_B74	2020
LM_LC_ADR_B45	2030
LM_LH_ADR_B47	2040
----	1412
----	1452
LM_LH_ADR_B46	2050
LM_ELE_ADR107	2060
LM_ELE_ADR001	2070
LM_WOD_ADR_B81	2080
LM_LC_ADR185	2090
LM_LH_ADR_B19	2230
LM_LC_ADR89	2240
LM_LC_ADR_B24	2250
LM_LH_ADR_B25	2260
LM_WOD_ADR237	2290
LM_LC_ADR184	2300
LM_LH_ADR189	2310
LM_LC_ADR149	2320
LM_LH_ADR145	2330
LM_LC_ADR183	2340
LM_LH_ADR190	2350
LM_LC_ADR186	2360
LM_LH_ADR191	2370
LM_LC_ADR187	2380
LM_LH_ADR192	2390
LM_LC_ADR193	2400
LM_LH_ADR188	2410
LM_ELE_ADR094	2420
LM_ELE_ADR113	2440
LM_ELE_ADR115	2450
LM_ELE_ADR014	2460
LM_ELE_ADR117	2470
LM_ELE_ADR029	2510
LM_ELE_ADR091	2520
LM_WOD_ADR135	2600
LM_LH_ADR_B36	2620
LM_LH_ADR_B34	2690
LM_LH_ADR231	1500
LM_LC_ADR82	2270
LM_LC_ADR32	2490
LM_LH_ADR33	2500
----	1471
----	1771
----	1901
----	1931
----	1991
----	2171
----	2281
----	2431
----	2481
----	2531
----	1472
----	1473
----	1492
----	1542
----	1582
----	1583
----	1612
----	1642
----	1702
----	1703
----	1704
----	1712
----	1742
----	1772
----	1773
----	1774
----	1782
----	1832
----	1872
----	1873
----	1874
----	1892
----	1932
----	2012
----	2013
----	2014
----	2022
----	2052
----	2072
----	2073
----	2074
----	2082
----	2132
----	2152
----	2153
----	2154
----	2162
----	2172
----	2242
----	2243
----	2244
----	2272
----	2282
----	2283
----	2284
----	2292
----	2412
----	2472
----	2474
----	2473
----	2482
----	2502
----	2512
----	2513
----	2514
----	2522
----	2523
----	2524
----	2155
LM_ELE_ADR097	1661
LM_ELE_ADR085	1671
LM_ELE_ADR010	1691
LM_ELE_ADR008	1701
----	1571
\.


--
-- Data for Name: rodzaje_licz; Type: TABLE DATA; Schema: public; Owner: czarek
--

COPY public.rodzaje_licz (rodzaj, rodzaj_licznika, jednostka) FROM stdin;
ELE	elektryczny	kWh
LC	ciepła	MJ
LH	chłodu	MJ
WOD	wody	m^3
\.


--
-- Name: najemcy_id_seq; Type: SEQUENCE SET; Schema: public; Owner: czarek
--

SELECT pg_catalog.setval('public.najemcy_id_seq', 14, true);


--
-- Name: liczniki liczniki_kolejnosc_key; Type: CONSTRAINT; Schema: public; Owner: czarek
--

ALTER TABLE ONLY public.liczniki
    ADD CONSTRAINT liczniki_kolejnosc_key UNIQUE (kolejnosc_pdf);


--
-- Name: liczniki liczniki_pkey; Type: CONSTRAINT; Schema: public; Owner: czarek
--

ALTER TABLE ONLY public.liczniki
    ADD CONSTRAINT liczniki_pkey PRIMARY KEY (adres);


--
-- Name: najemcy najemcy_pkey; Type: CONSTRAINT; Schema: public; Owner: czarek
--

ALTER TABLE ONLY public.najemcy
    ADD CONSTRAINT najemcy_pkey PRIMARY KEY (id);


--
-- Name: odczyty odczyty_pkey; Type: CONSTRAINT; Schema: public; Owner: czarek
--

ALTER TABLE ONLY public.odczyty
    ADD CONSTRAINT odczyty_pkey PRIMARY KEY (data, adres);


--
-- Name: rodzaje_licz rodzaje_licz_pkey; Type: CONSTRAINT; Schema: public; Owner: czarek
--

ALTER TABLE ONLY public.rodzaje_licz
    ADD CONSTRAINT rodzaje_licz_pkey PRIMARY KEY (rodzaj);


--
-- Name: liczniki liczniki_najemca_fkey; Type: FK CONSTRAINT; Schema: public; Owner: czarek
--

ALTER TABLE ONLY public.liczniki
    ADD CONSTRAINT liczniki_najemca_fkey FOREIGN KEY (najemca) REFERENCES public.najemcy(id);


--
-- Name: liczniki liczniki_rodzaj_fkey; Type: FK CONSTRAINT; Schema: public; Owner: czarek
--

ALTER TABLE ONLY public.liczniki
    ADD CONSTRAINT liczniki_rodzaj_fkey FOREIGN KEY (rodzaj) REFERENCES public.rodzaje_licz(rodzaj);


--
-- Name: odczyty odczyty_adres_fkey; Type: FK CONSTRAINT; Schema: public; Owner: czarek
--

ALTER TABLE ONLY public.odczyty
    ADD CONSTRAINT odczyty_adres_fkey FOREIGN KEY (adres) REFERENCES public.liczniki(adres);


--
-- Name: ordung ordung_adres_fkey; Type: FK CONSTRAINT; Schema: public; Owner: czarek
--

ALTER TABLE ONLY public.ordung
    ADD CONSTRAINT ordung_adres_fkey FOREIGN KEY (adres) REFERENCES public.liczniki(adres);


--
-- PostgreSQL database dump complete
--

